This file contains any messages produced by compilers while
running configure, to aid debugging if configure makes a mistake.

It was created by lame configure 4.0, which was
generated by GNU Autoconf 2.73.  Invocation command line was

  $ ./configure --disable-shared --enable-static --disable-frontend --disable-decoder

## --------- ##
## Platform. ##
## --------- ##

hostname = Tommys-iMac.local
uname -m = x86_64
uname -r = 23.6.0
uname -s = Darwin
uname -v = Darwin Kernel Version 23.6.0: Mon Jan 19 22:02:22 PST 2026; root:xnu-10063.141.1.710.3~1/RELEASE_X86_64

/usr/bin/uname -p = i386
/bin/uname -X     = unknown

/bin/arch              = unknown
/usr/bin/arch -k       = unknown
/usr/convex/getsysinfo = unknown
/usr/bin/hostinfo      = Mach kernel version:
	 Darwin Kernel Version 23.6.0: Mon Jan 19 22:02:22 PST 2026; root:xnu-10063.141.1.710.3~1/RELEASE_X86_64
Kernel configured for up to 8 processors.
4 processors are physically available.
8 processors are logically available.
Processor type: x86_64h (Intel x86-64h Haswell)
Processors active: 0 1 2 3 4 5 6 7
Primary memory available: 8.00 gigabytes
Default processor set: 538 tasks, 2265 threads, 8 processors
Load average: 2.52, Mach factor: 5.82
/bin/machine           = unknown
/usr/bin/oslevel       = unknown
/bin/universe          = unknown

PATH: /Users/rkt/.rbenv/shims/
PATH: /usr/local/opt/bison/bin/
PATH: /usr/local/lib/ruby/gems/4.0.0/bin/
PATH: /usr/local/opt/ruby/bin/
PATH: /usr/local/bin/
PATH: /System/Cryptexes/App/usr/bin/
PATH: /usr/bin/
PATH: /bin/
PATH: /usr/sbin/
PATH: /sbin/
PATH: /var/run/com.apple.security.cryptexd/codex.system/bootstrap/usr/local/bin/
PATH: /var/run/com.apple.security.cryptexd/codex.system/bootstrap/usr/bin/
PATH: /var/run/com.apple.security.cryptexd/codex.system/bootstrap/usr/appleinternal/bin/
PATH: /Library/Apple/usr/bin/
PATH: /Applications/iTerm.app/Contents/Resources/utilities/


## ----------- ##
## Core tests. ##
## ----------- ##

configure:2937: looking for aux files: config.rpath ltmain.sh missing install-sh config.guess config.sub compile
configure:2950:  trying ./
configure:2979:   ./config.rpath found
configure:2979:   ./ltmain.sh found
configure:2979:   ./missing found
configure:2961:   ./install-sh found
configure:2979:   ./config.guess found
configure:2979:   ./config.sub found
configure:2979:   ./compile found
configure:3193: checking for gcc
configure:3214: found /usr/bin/gcc
configure:3226: result: gcc
configure:3585: checking for C compiler version
configure:3594: gcc --version >&5
Apple clang version 15.0.0 (clang-1500.3.9.4)
Target: x86_64-apple-darwin23.6.0
Thread model: posix
InstalledDir: /Applications/Xcode.app/Contents/Developer/Toolchains/XcodeDefault.xctoolchain/usr/bin
configure:3605: $? = 0
configure:3594: gcc -v >&5
Apple clang version 15.0.0 (clang-1500.3.9.4)
Target: x86_64-apple-darwin23.6.0
Thread model: posix
InstalledDir: /Applications/Xcode.app/Contents/Developer/Toolchains/XcodeDefault.xctoolchain/usr/bin
configure:3605: $? = 0
configure:3594: gcc -V >&5
clang: error: argument to '-V' is missing (expected 1 value)
clang: error: no input files
configure:3605: $? = 1
configure:3594: gcc -qversion >&5
clang: error: unknown argument '-qversion'; did you mean '--version'?
clang: error: no input files
configure:3605: $? = 1
configure:3594: gcc -version >&5
clang: error: unknown argument '-version'; did you mean '--version'?
clang: error: no input files
configure:3605: $? = 1
configure:3625: checking whether the C compiler works
configure:3647: gcc    conftest.c  >&5
configure:3651: $? = 0
configure:3702: result: yes
configure:3706: checking for C compiler default output file name
configure:3708: result: a.out
configure:3714: checking for suffix of executables
configure:3721: gcc -o conftest    conftest.c  >&5
configure:3725: $? = 0
configure:3749: result: 
configure:3773: checking whether we are cross compiling
configure:3781: gcc -o conftest    conftest.c  >&5
configure:3785: $? = 0
configure:3792: ./conftest
configure:3796: $? = 0
configure:3811: result: no
configure:3817: checking for suffix of object files
configure:3840: gcc -c   conftest.c >&5
configure:3844: $? = 0
configure:3868: result: o
configure:3872: checking whether the compiler supports GNU C
configure:3892: gcc -c   conftest.c >&5
configure:3892: $? = 0
configure:3904: result: yes
configure:3915: checking whether gcc accepts -g
configure:3936: gcc -c -g  conftest.c >&5
configure:3936: $? = 0
configure:3983: result: yes
configure:4003: checking for gcc option to enable C23 features
configure:4018: gcc  -c -g -O2  conftest.c >&5
conftest.c:14:3: error: "Compiler advertises conformance to C17 or earlier"
# error "Compiler advertises conformance to C17 or earlier"
  ^
conftest.c:18:23: error: expected function body after function declarator
char alignas (double) c23_aligned_as_double;
                      ^
conftest.c:19:15: error: expected parameter declarator
char alignas (0) c23_no_special_alignment;
              ^
conftest.c:19:15: error: expected ')'
conftest.c:19:14: note: to match this '('
char alignas (0) c23_no_special_alignment;
             ^
conftest.c:19:18: error: expected function body after function declarator
char alignas (0) c23_no_special_alignment;
                 ^
conftest.c:21:15: error: expected parameter declarator
char alignas (0) alignas (int) c23_aligned_as_int;
              ^
conftest.c:21:15: error: expected ')'
conftest.c:21:14: note: to match this '('
char alignas (0) alignas (int) c23_aligned_as_int;
             ^
conftest.c:21:18: error: expected function body after function declarator
char alignas (0) alignas (int) c23_aligned_as_int;
                 ^
conftest.c:26:23: error: call to undeclared function 'alignof'; ISO C99 and later do not support implicit function declarations [-Wimplicit-function-declaration]
  c23_int_alignment = alignof (int),
                      ^
conftest.c:26:32: error: expected expression
  c23_int_alignment = alignof (int),
                               ^
conftest.c:27:38: error: expected expression
  c23_int_array_alignment = alignof (int[100]),
                                     ^
conftest.c:28:33: error: expected expression
  c23_char_alignment = alignof (char)
                                ^
conftest.c:30:16: error: expected parameter declarator
static_assert (0 < -alignof (int), "alignof is signed");
               ^
conftest.c:30:16: error: expected ')'
conftest.c:30:15: note: to match this '('
static_assert (0 < -alignof (int), "alignof is signed");
              ^
conftest.c:30:1: error: type specifier missing, defaults to 'int'; ISO C99 and later do not support implicit int [-Wimplicit-int]
static_assert (0 < -alignof (int), "alignof is signed");
^
int
conftest.c:32:41: warning: omitting the parameter name in a function definition is a C2x extension [-Wc2x-extensions]
int function_with_unnamed_parameter (int) { return 0; }
                                        ^
conftest.c:38:1: error: unknown type name 'bool'
bool use_u8 = (!sizeof u8"\xFF") == (!u8'x');
^
conftest.c:38:39: error: use of undeclared identifier 'u8'
bool use_u8 = (!sizeof u8"\xFF") == (!u8'x');
                                      ^
conftest.c:40:1: error: unknown type name 'bool'
bool check_that_bool_works = true | false | !nullptr;
^
conftest.c:40:30: error: use of undeclared identifier 'true'
bool check_that_bool_works = true | false | !nullptr;
                             ^
fatal error: too many errors emitted, stopping now [-ferror-limit=]
1 warning and 20 errors generated.
configure:4018: $? = 1
configure: failed program was:
| /* confdefs.h */
| #define PACKAGE_NAME "lame"
| #define PACKAGE_TARNAME "lame"
| #define PACKAGE_VERSION "4.0"
| #define PACKAGE_STRING "lame 4.0"
| #define PACKAGE_BUGREPORT "lame-dev@lists.sf.net"
| #define PACKAGE_URL ""
| /* end confdefs.h.  */
| 
| /* Does the compiler advertise conformance to C17 or earlier?
|    Although GCC 14 does not do that, even with -std=gnu23,
|    it is close enough, and defines __STDC_VERSION == 202000L.  */
| #if !defined __STDC_VERSION__ || __STDC_VERSION__ <= 201710L
| # error "Compiler advertises conformance to C17 or earlier"
| #endif
| 
| // Check alignas.
| char alignas (double) c23_aligned_as_double;
| char alignas (0) c23_no_special_alignment;
| extern char c23_aligned_as_int;
| char alignas (0) alignas (int) c23_aligned_as_int;
| 
| // Check alignof.
| enum
| {
|   c23_int_alignment = alignof (int),
|   c23_int_array_alignment = alignof (int[100]),
|   c23_char_alignment = alignof (char)
| };
| static_assert (0 < -alignof (int), "alignof is signed");
| 
| int function_with_unnamed_parameter (int) { return 0; }
| 
| void c23_noreturn ();
| 
| /* Test parsing of string and char UTF-8 literals (including hex escapes).
|    The parens pacify GCC 15.  */
| bool use_u8 = (!sizeof u8"\xFF") == (!u8'x');
| 
| bool check_that_bool_works = true | false | !nullptr;
| #if !true
| # error "true does not work in #if"
| #endif
| #if false
| #elifdef __STDC_VERSION__
| #else
| # error "#elifdef does not work"
| #endif
| 
| #ifndef __has_c_attribute
| # error "__has_c_attribute not defined"
| #endif
| 
| #ifndef __has_include
| # error "__has_include not defined"
| #endif
| 
| #define LPAREN() (
| #define FORTY_TWO(x) 42
| #define VA_OPT_TEST(r, x, ...) __VA_OPT__ (FORTY_TWO r x))
| static_assert (VA_OPT_TEST (LPAREN (), 0, <:-) == 42);
| 
| static_assert (0b101010 == 42);
| static_assert (0B101010 == 42);
| static_assert (0xDEAD'BEEF == 3'735'928'559);
| static_assert (0.500'000'000 == 0.5);
| 
| enum unsignedish : unsigned int { uione = 1 };
| static_assert (0 < -uione);
| 
| #include <stddef.h>
| constexpr nullptr_t null_pointer = nullptr;
| 
| static typeof (1 + 1L) two () { return 2; }
| static long int three () { return 3; }
| 
| 
| int
| main (int, char **)
| {
|   int ok = 0;
|   
|   {
|     label_before_declaration:
|       int arr[10] = {};
|       if (arr[0])
|         goto label_before_declaration;
|       if (!arr[0])
|         goto label_at_end_of_block;
|     label_at_end_of_block:
|   }
|   ok |= !null_pointer;
|   ok |= two != three;
| 
|   return ok;
| }
| 
configure:4018: gcc -std=gnu23 -c -g -O2  conftest.c >&5
error: invalid value 'gnu23' in '-std=gnu23'
note: use 'c89', 'c90', or 'iso9899:1990' for 'ISO C 1990' standard
note: use 'iso9899:199409' for 'ISO C 1990 with amendment 1' standard
note: use 'gnu89' or 'gnu90' for 'ISO C 1990 with GNU extensions' standard
note: use 'c99' or 'iso9899:1999' for 'ISO C 1999' standard
note: use 'gnu99' for 'ISO C 1999 with GNU extensions' standard
note: use 'c11' or 'iso9899:2011' for 'ISO C 2011' standard
note: use 'gnu11' for 'ISO C 2011 with GNU extensions' standard
note: use 'c17', 'iso9899:2017', 'c18', or 'iso9899:2018' for 'ISO C 2017' standard
note: use 'gnu17' or 'gnu18' for 'ISO C 2017 with GNU extensions' standard
note: use 'c2x' for 'Working Draft for ISO C2x' standard
note: use 'gnu2x' for 'Working Draft for ISO C2x with GNU extensions' standard
configure:4018: $? = 1
configure: failed program was:
| /* confdefs.h */
| #define PACKAGE_NAME "lame"
| #define PACKAGE_TARNAME "lame"
| #define PACKAGE_VERSION "4.0"
| #define PACKAGE_STRING "lame 4.0"
| #define PACKAGE_BUGREPORT "lame-dev@lists.sf.net"
| #define PACKAGE_URL ""
| /* end confdefs.h.  */
| 
| /* Does the compiler advertise conformance to C17 or earlier?
|    Although GCC 14 does not do that, even with -std=gnu23,
|    it is close enough, and defines __STDC_VERSION == 202000L.  */
| #if !defined __STDC_VERSION__ || __STDC_VERSION__ <= 201710L
| # error "Compiler advertises conformance to C17 or earlier"
| #endif
| 
| // Check alignas.
| char alignas (double) c23_aligned_as_double;
| char alignas (0) c23_no_special_alignment;
| extern char c23_aligned_as_int;
| char alignas (0) alignas (int) c23_aligned_as_int;
| 
| // Check alignof.
| enum
| {
|   c23_int_alignment = alignof (int),
|   c23_int_array_alignment = alignof (int[100]),
|   c23_char_alignment = alignof (char)
| };
| static_assert (0 < -alignof (int), "alignof is signed");
| 
| int function_with_unnamed_parameter (int) { return 0; }
| 
| void c23_noreturn ();
| 
| /* Test parsing of string and char UTF-8 literals (including hex escapes).
|    The parens pacify GCC 15.  */
| bool use_u8 = (!sizeof u8"\xFF") == (!u8'x');
| 
| bool check_that_bool_works = true | false | !nullptr;
| #if !true
| # error "true does not work in #if"
| #endif
| #if false
| #elifdef __STDC_VERSION__
| #else
| # error "#elifdef does not work"
| #endif
| 
| #ifndef __has_c_attribute
| # error "__has_c_attribute not defined"
| #endif
| 
| #ifndef __has_include
| # error "__has_include not defined"
| #endif
| 
| #define LPAREN() (
| #define FORTY_TWO(x) 42
| #define VA_OPT_TEST(r, x, ...) __VA_OPT__ (FORTY_TWO r x))
| static_assert (VA_OPT_TEST (LPAREN (), 0, <:-) == 42);
| 
| static_assert (0b101010 == 42);
| static_assert (0B101010 == 42);
| static_assert (0xDEAD'BEEF == 3'735'928'559);
| static_assert (0.500'000'000 == 0.5);
| 
| enum unsignedish : unsigned int { uione = 1 };
| static_assert (0 < -uione);
| 
| #include <stddef.h>
| constexpr nullptr_t null_pointer = nullptr;
| 
| static typeof (1 + 1L) two () { return 2; }
| static long int three () { return 3; }
| 
| 
| int
| main (int, char **)
| {
|   int ok = 0;
|   
|   {
|     label_before_declaration:
|       int arr[10] = {};
|       if (arr[0])
|         goto label_before_declaration;
|       if (!arr[0])
|         goto label_at_end_of_block;
|     label_at_end_of_block:
|   }
|   ok |= !null_pointer;
|   ok |= two != three;
| 
|   return ok;
| }
| 
configure:4032: result: unsupported
configure:4052: checking for gcc option to enable C11 features
configure:4067: gcc  -c -g -O2  conftest.c >&5
configure:4067: $? = 0
configure:4086: result: none needed
configure:4210: checking whether gcc understands -c and -o together
configure:4233: gcc -c conftest.c -o conftest2.o
configure:4236: $? = 0
configure:4233: gcc -c conftest.c -o conftest2.o
configure:4236: $? = 0
configure:4252: result: yes
configure:4274: checking for stdio.h
configure:4274: gcc -c -g -O2  conftest.c >&5
configure:4274: $? = 0
configure:4274: result: yes
configure:4274: checking for stdlib.h
configure:4274: gcc -c -g -O2  conftest.c >&5
configure:4274: $? = 0
configure:4274: result: yes
configure:4274: checking for string.h
configure:4274: gcc -c -g -O2  conftest.c >&5
configure:4274: $? = 0
configure:4274: result: yes
configure:4274: checking for inttypes.h
configure:4274: gcc -c -g -O2  conftest.c >&5
configure:4274: $? = 0
configure:4274: result: yes
configure:4274: checking for stdint.h
configure:4274: gcc -c -g -O2  conftest.c >&5
configure:4274: $? = 0
configure:4274: result: yes
configure:4274: checking for strings.h
configure:4274: gcc -c -g -O2  conftest.c >&5
configure:4274: $? = 0
configure:4274: result: yes
configure:4274: checking for sys/stat.h
configure:4274: gcc -c -g -O2  conftest.c >&5
configure:4274: $? = 0
configure:4274: result: yes
configure:4274: checking for sys/types.h
configure:4274: gcc -c -g -O2  conftest.c >&5
configure:4274: $? = 0
configure:4274: result: yes
configure:4274: checking for unistd.h
configure:4274: gcc -c -g -O2  conftest.c >&5
configure:4274: $? = 0
configure:4274: result: yes
configure:4274: checking for wchar.h
configure:4274: gcc -c -g -O2  conftest.c >&5
configure:4274: $? = 0
configure:4274: result: yes
configure:4274: checking for minix/config.h
configure:4274: gcc -c -g -O2  conftest.c >&5
conftest.c:47:10: fatal error: 'minix/config.h' file not found
#include <minix/config.h>
         ^~~~~~~~~~~~~~~~
1 error generated.
configure:4274: $? = 1
configure: failed program was:
| /* confdefs.h */
| #define PACKAGE_NAME "lame"
| #define PACKAGE_TARNAME "lame"
| #define PACKAGE_VERSION "4.0"
| #define PACKAGE_STRING "lame 4.0"
| #define PACKAGE_BUGREPORT "lame-dev@lists.sf.net"
| #define PACKAGE_URL ""
| #define HAVE_STDIO_H 1
| #define HAVE_STDLIB_H 1
| #define HAVE_STRING_H 1
| #define HAVE_INTTYPES_H 1
| #define HAVE_STDINT_H 1
| #define HAVE_STRINGS_H 1
| #define HAVE_SYS_STAT_H 1
| #define HAVE_SYS_TYPES_H 1
| #define HAVE_UNISTD_H 1
| #define HAVE_WCHAR_H 1
| /* end confdefs.h.  */
| #include <stddef.h>
| #ifdef HAVE_STDIO_H
| # include <stdio.h>
| #endif
| #ifdef HAVE_STDLIB_H
| # include <stdlib.h>
| #endif
| #ifdef HAVE_STRING_H
| # include <string.h>
| #endif
| #ifdef HAVE_INTTYPES_H
| # include <inttypes.h>
| #endif
| #ifdef HAVE_STDINT_H
| # include <stdint.h>
| #endif
| #ifdef HAVE_STRINGS_H
| # include <strings.h>
| #endif
| #ifdef HAVE_SYS_TYPES_H
| # include <sys/types.h>
| #endif
| #ifdef HAVE_SYS_STAT_H
| # include <sys/stat.h>
| #endif
| #ifdef HAVE_UNISTD_H
| # include <unistd.h>
| #endif
| #include <minix/config.h>
configure:4274: result: no
configure:4274: checking for sys/time.h
configure:4274: gcc -c -g -O2  conftest.c >&5
configure:4274: $? = 0
configure:4274: result: yes
configure:4305: checking whether it is safe to define __EXTENSIONS__
configure:4324: gcc -c -g -O2  conftest.c >&5
configure:4324: $? = 0
configure:4334: result: yes
configure:4337: checking whether _XOPEN_SOURCE should be defined
configure:4359: gcc -c -g -O2  conftest.c >&5
configure:4359: $? = 0
configure:4388: result: no
configure:4456: checking build system type
configure:4472: result: x86_64-apple-darwin23.6.0
configure:4492: checking host system type
configure:4507: result: x86_64-apple-darwin23.6.0
configure:4545: checking for a BSD-compatible install
configure:4619: result: /usr/bin/install -c
configure:4630: checking whether sleep supports fractional seconds
configure:4646: result: yes
configure:4649: checking filesystem timestamp resolution
configure:4784: result: 2
configure:4789: checking whether build environment is sane
configure:4834: result: yes
configure:5001: checking for a race-free mkdir -p
configure:5044: result: mkdir -p
configure:5051: checking for gawk
configure:5087: result: no
configure:5051: checking for mawk
configure:5087: result: no
configure:5051: checking for nawk
configure:5087: result: no
configure:5051: checking for awk
configure:5072: found /usr/bin/awk
configure:5084: result: awk
configure:5095: checking whether make sets $(MAKE)
configure:5119: result: yes
configure:5141: checking whether make supports the include directive
configure:5156: make -f confmf.GNU && cat confinc.out
this is the am__doit target
configure:5159: $? = 0
configure:5178: result: yes (GNU style)
configure:5209: checking whether make supports nested variables
configure:5228: result: yes
configure:5242: checking xargs -n works
configure:5258: result: yes
configure:5343: checking whether UID '501' is supported by ustar format
configure:5349: result: yes
configure:5356: checking whether GID '20' is supported by ustar format
configure:5362: result: yes
configure:5370: checking how to create a ustar tar archive
configure:5381: tar --version
bsdtar 3.5.3 - libarchive 3.5.3 zlib/1.2.12 liblzma/5.4.3 bz2lib/1.0.8 
configure:5384: $? = 0
configure:5424: tardir=conftest.dir && eval tar --format=ustar -chf - "$tardir" >conftest.tar
configure:5427: $? = 0
configure:5431: tar -xf - <conftest.tar
configure:5434: $? = 0
configure:5436: cat conftest.dir/file
GrepMe
configure:5439: $? = 0
configure:5454: result: gnutar
configure:5463: checking dependency style of gcc
configure:5576: result: gcc3
configure:5615: checking whether to enable maintainer-specific portions of Makefiles
configure:5626: result: no
configure:5639: checking whether make supports the include directive
configure:5654: make -f confmf.GNU && cat confinc.out
this is the am__doit target
configure:5657: $? = 0
configure:5676: result: yes (GNU style)
configure:5739: checking for pkg-config
configure:5762: found /usr/local/bin/pkg-config
configure:5775: result: /usr/local/bin/pkg-config
configure:5800: checking pkg-config is at least version 0.9.0
configure:5803: result: yes
configure:5829: checking for dot
configure:5868: result: no
configure:5878: checking for library containing strerror
configure:5914: gcc -o conftest -g -O2   conftest.c  >&5
conftest.c:51:6: warning: incompatible redeclaration of library function 'strerror' [-Wincompatible-library-redeclaration]
char strerror (void);
     ^
conftest.c:51:6: note: 'strerror' is a builtin with type 'char *(int)'
1 warning generated.
configure:5914: $? = 0
configure:5936: result: none required
configure:5999: checking how to print strings
configure:6026: result: printf
configure:6047: checking for a sed that does not truncate output
configure:6119: result: /usr/local/bin/gsed
configure:6137: checking for grep that handles long lines and -e
configure:6203: result: /usr/bin/grep
configure:6208: checking for egrep
configure:6278: result: /usr/bin/grep -E
configure:6285: checking for fgrep
configure:6355: result: /usr/bin/grep -F
configure:6392: checking for ld used by gcc
configure:6461: result: /Applications/Xcode.app/Contents/Developer/Toolchains/XcodeDefault.xctoolchain/usr/bin/ld
configure:6468: checking if the linker (/Applications/Xcode.app/Contents/Developer/Toolchains/XcodeDefault.xctoolchain/usr/bin/ld) is GNU ld
configure:6485: result: no
configure:6497: checking for BSD- or MS-compatible name lister (nm)
configure:6553: result: /usr/bin/nm -B
configure:6695: checking the name lister (/usr/bin/nm -B) interface
configure:6703: gcc -c -g -O2  conftest.c >&5
configure:6706: /usr/bin/nm -B "conftest.o"
configure:6709: output
0000000000000250 S _some_variable
configure:6717: result: BSD nm
configure:6720: checking whether ln -s works
configure:6724: result: yes
configure:6732: checking the maximum length of command line arguments
configure:6865: result: 786432
configure:6913: checking how to convert x86_64-apple-darwin23.6.0 file names to x86_64-apple-darwin23.6.0 format
configure:6955: result: func_convert_file_noop
configure:6962: checking how to convert x86_64-apple-darwin23.6.0 file names to toolchain format
configure:6984: result: func_convert_file_noop
configure:6991: checking for /Applications/Xcode.app/Contents/Developer/Toolchains/XcodeDefault.xctoolchain/usr/bin/ld option to reload object files
configure:7000: result: -r
configure:7033: checking for file
configure:7054: found /usr/bin/file
configure:7067: result: file
configure:7130: checking for objdump
configure:7151: found /usr/bin/objdump
configure:7163: result: objdump
configure:7195: checking how to recognize dependent libraries
configure:7404: result: pass_all
configure:7495: checking for dlltool
configure:7531: result: no
configure:7561: checking how to associate runtime and link libraries
configure:7590: result: printf %s\n
configure:7650: checking for ranlib
configure:7671: found /usr/bin/ranlib
configure:7683: result: ranlib
configure:7760: checking for ar
configure:7781: found /usr/bin/ar
configure:7793: result: ar
configure:7846: checking for archiver @FILE support
configure:7864: gcc -c -g -O2  conftest.c >&5
configure:7864: $? = 0
configure:7868: ar cr libconftest.a @conftest.lst >&5
ar: @conftest.lst: No such file or directory
configure:7871: $? = 1
configure:7892: result: no
configure:7956: checking for strip
configure:7977: found /usr/bin/strip
configure:7989: result: strip
configure:8092: checking command to parse /usr/bin/nm -B output from gcc object
configure:8246: gcc -c -g -O2  conftest.c >&5
configure:8249: $? = 0
configure:8253: /usr/bin/nm -B conftest.o | /usr/local/bin/gsed -n -e 's/^.*[	 ]\([ABCDGIRSTW][ABCDGIRSTW]*\)[	 ][	 ]*\([_A-Za-z][_A-Za-z0-9]*\)$/\1 \2 \2/p' | /usr/local/bin/gsed '/ __gnu_lto/d' > conftest.nm
cannot find nm_test_var in conftest.nm
configure:8246: gcc -c -g -O2  conftest.c >&5
configure:8249: $? = 0
configure:8253: /usr/bin/nm -B conftest.o | /usr/local/bin/gsed -n -e 's/^.*[	 ]\([ABCDGIRSTW][ABCDGIRSTW]*\)[	 ][	 ]*_\([_A-Za-z][_A-Za-z0-9]*\)$/\1 _\2 \2/p' | /usr/local/bin/gsed '/ __gnu_lto/d' > conftest.nm
configure:8319: gcc -o conftest -g -O2   conftest.c conftstm.o >&5
configure:8322: $? = 0
configure:8361: result: ok
configure:8408: checking for sysroot
configure:8442: result: no
configure:8449: checking for a working dd
configure:8494: result: /bin/dd
configure:8498: checking how to truncate binary pipes
configure:8515: result: /bin/dd bs=4096 count=1
configure:8855: checking for mt
configure:8891: result: no
configure:8911: checking if : is a manifest tool
configure:8918: : '-?'
configure:8927: result: no
configure:8989: checking for dsymutil
configure:9010: found /usr/bin/dsymutil
configure:9022: result: dsymutil
configure:9093: checking for nmedit
configure:9114: found /usr/bin/nmedit
configure:9126: result: nmedit
configure:9197: checking for lipo
configure:9218: found /usr/bin/lipo
configure:9230: result: lipo
configure:9301: checking for otool
configure:9322: found /usr/bin/otool
configure:9334: result: otool
configure:9405: checking for otool64
configure:9441: result: no
configure:9486: checking for -single_module linker flag
gcc -g -O2  -o libconftest.dylib -dynamiclib -Wl,-single_module conftest.c
ld: warning: -single_module is obsolete
configure:9521: result: no
configure:9526: checking for -no_fixup_chains linker flag
configure:9545: gcc -o conftest -g -O2   -Wl,-no_fixup_chains conftest.c  >&5
configure:9545: $? = 0
configure:9560: result: yes
configure:9563: checking for -exported_symbols_list linker flag
configure:9584: gcc -o conftest -g -O2   -Wl,-exported_symbols_list,conftest.sym conftest.c  >&5
configure:9584: $? = 0
configure:9597: result: yes
configure:9600: checking for -force_load linker flag
gcc -g -O2 -c -o conftest.o conftest.c
ar cr libconftest.a conftest.o
ranlib libconftest.a
gcc -g -O2  -o conftest conftest.c -Wl,-force_load,./libconftest.a
configure:9634: result: yes
configure:9720: checking for dlfcn.h
configure:9720: gcc -c -g -O2  conftest.c >&5
configure:9720: $? = 0
configure:9720: result: yes
configure:10023: checking for objdir
configure:10040: result: .libs
configure:10306: checking if gcc supports -fno-rtti -fno-exceptions
configure:10325: gcc -c -g -O2  -fno-rtti -fno-exceptions conftest.c >&5
configure:10329: $? = 0
configure:10343: result: yes
configure:10716: checking for gcc option to produce PIC
configure:10725: result: -fno-common -DPIC
configure:10733: checking if gcc PIC flag -fno-common -DPIC works
configure:10752: gcc -c -g -O2  -fno-common -DPIC -DPIC conftest.c >&5
configure:10756: $? = 0
configure:10770: result: yes
configure:10799: checking if gcc static flag -static works
configure:10829: result: no
configure:10844: checking if gcc supports -c -o file.o
configure:10866: gcc -c -g -O2  -o out/conftest2.o conftest.c >&5
configure:10870: $? = 0
configure:10893: result: yes
configure:10901: checking if gcc supports -c -o file.o
configure:10950: result: yes
configure:10983: checking whether the gcc linker (/Applications/Xcode.app/Contents/Developer/Toolchains/XcodeDefault.xctoolchain/usr/bin/ld) supports shared libraries
configure:12267: result: yes
configure:12509: checking dynamic linker characteristics
configure:13893: result: darwin23.6.0 dyld
configure:14015: checking how to hardcode library paths into programs
configure:14040: result: immediate
configure:14640: checking whether stripping libraries is possible
configure:14657: result: yes
configure:14691: checking if libtool supports shared libraries
configure:14693: result: yes
configure:14696: checking whether to build shared libraries
configure:14721: result: no
configure:14724: checking whether to build static libraries
configure:14728: result: yes
configure:14838: checking for gcc
configure:14871: result: gcc
configure:15230: checking for C compiler version
configure:15239: gcc --version >&5
Apple clang version 15.0.0 (clang-1500.3.9.4)
Target: x86_64-apple-darwin23.6.0
Thread model: posix
InstalledDir: /Applications/Xcode.app/Contents/Developer/Toolchains/XcodeDefault.xctoolchain/usr/bin
configure:15250: $? = 0
configure:15239: gcc -v >&5
Apple clang version 15.0.0 (clang-1500.3.9.4)
Target: x86_64-apple-darwin23.6.0
Thread model: posix
InstalledDir: /Applications/Xcode.app/Contents/Developer/Toolchains/XcodeDefault.xctoolchain/usr/bin
configure:15250: $? = 0
configure:15239: gcc -V >&5
clang: error: argument to '-V' is missing (expected 1 value)
clang: error: no input files
configure:15250: $? = 1
configure:15239: gcc -qversion >&5
clang: error: unknown argument '-qversion'; did you mean '--version'?
clang: error: no input files
configure:15250: $? = 1
configure:15239: gcc -version >&5
clang: error: unknown argument '-version'; did you mean '--version'?
clang: error: no input files
configure:15250: $? = 1
configure:15254: checking whether the compiler supports GNU C
configure:15286: result: yes
configure:15297: checking whether gcc accepts -g
configure:15365: result: yes
configure:15385: checking for gcc option to enable C23 features
configure:15414: result: unsupported
configure:15434: checking for gcc option to enable C11 features
configure:15468: result: none needed
configure:15592: checking whether gcc understands -c and -o together
configure:15634: result: yes
configure:15653: checking compiler
configure:15664: result: clang
configure:15696: checking version of clang
configure:15699: result: 15.0.0
configure:15706: checking for dmalloc.h
configure:15706: gcc -c   conftest.c >&5
conftest.c:71:10: fatal error: 'dmalloc.h' file not found
#include <dmalloc.h>
         ^~~~~~~~~~~
1 error generated.
configure:15706: $? = 1
configure: failed program was:
| /* confdefs.h */
| #define PACKAGE_NAME "lame"
| #define PACKAGE_TARNAME "lame"
| #define PACKAGE_VERSION "4.0"
| #define PACKAGE_STRING "lame 4.0"
| #define PACKAGE_BUGREPORT "lame-dev@lists.sf.net"
| #define PACKAGE_URL ""
| #define HAVE_STDIO_H 1
| #define HAVE_STDLIB_H 1
| #define HAVE_STRING_H 1
| #define HAVE_INTTYPES_H 1
| #define HAVE_STDINT_H 1
| #define HAVE_STRINGS_H 1
| #define HAVE_SYS_STAT_H 1
| #define HAVE_SYS_TYPES_H 1
| #define HAVE_UNISTD_H 1
| #define HAVE_WCHAR_H 1
| #define HAVE_SYS_TIME_H 1
| #define STDC_HEADERS 1
| #define _ALL_SOURCE 1
| #define _COSMO_SOURCE 1
| #define _DARWIN_C_SOURCE 1
| #define _GNU_SOURCE 1
| #define _HPUX_ALT_XOPEN_SOCKET_API 1
| #define _NETBSD_SOURCE 1
| #define _OPENBSD_SOURCE 1
| #define _POSIX_PTHREAD_SEMANTICS 1
| #define __STDC_WANT_IEC_60559_ATTRIBS_EXT__ 1
| #define __STDC_WANT_IEC_60559_BFP_EXT__ 1
| #define __STDC_WANT_IEC_60559_DFP_EXT__ 1
| #define __STDC_WANT_IEC_60559_EXT__ 1
| #define __STDC_WANT_IEC_60559_FUNCS_EXT__ 1
| #define __STDC_WANT_IEC_60559_TYPES_EXT__ 1
| #define __STDC_WANT_LIB_EXT2__ 1
| #define __STDC_WANT_MATH_SPEC_FUNCS__ 1
| #define _TANDEM_SOURCE 1
| #define __EXTENSIONS__ 1
| #define PACKAGE "lame"
| #define VERSION "4.0"
| #define HAVE_DLFCN_H 1
| #define LT_OBJDIR ".libs/"
| /* end confdefs.h.  */
| #include <stddef.h>
| #ifdef HAVE_STDIO_H
| # include <stdio.h>
| #endif
| #ifdef HAVE_STDLIB_H
| # include <stdlib.h>
| #endif
| #ifdef HAVE_STRING_H
| # include <string.h>
| #endif
| #ifdef HAVE_INTTYPES_H
| # include <inttypes.h>
| #endif
| #ifdef HAVE_STDINT_H
| # include <stdint.h>
| #endif
| #ifdef HAVE_STRINGS_H
| # include <strings.h>
| #endif
| #ifdef HAVE_SYS_TYPES_H
| # include <sys/types.h>
| #endif
| #ifdef HAVE_SYS_STAT_H
| # include <sys/stat.h>
| #endif
| #ifdef HAVE_UNISTD_H
| # include <unistd.h>
| #endif
| #include <dmalloc.h>
configure:15706: result: no
configure:15740: checking for errno.h
configure:15740: gcc -c   conftest.c >&5
configure:15740: $? = 0
configure:15740: result: yes
configure:15746: checking for fcntl.h
configure:15746: gcc -c   conftest.c >&5
configure:15746: $? = 0
configure:15746: result: yes
configure:15752: checking for limits.h
configure:15752: gcc -c   conftest.c >&5
configure:15752: $? = 0
configure:15752: result: yes
configure:15758: checking for stdint.h
configure:15758: result: yes
configure:15764: checking for string.h
configure:15764: result: yes
configure:15770: checking for sys/soundcard.h
configure:15770: gcc -c   conftest.c >&5
conftest.c:76:10: fatal error: 'sys/soundcard.h' file not found
#include <sys/soundcard.h>
         ^~~~~~~~~~~~~~~~~
1 error generated.
configure:15770: $? = 1
configure: failed program was:
| /* confdefs.h */
| #define PACKAGE_NAME "lame"
| #define PACKAGE_TARNAME "lame"
| #define PACKAGE_VERSION "4.0"
| #define PACKAGE_STRING "lame 4.0"
| #define PACKAGE_BUGREPORT "lame-dev@lists.sf.net"
| #define PACKAGE_URL ""
| #define HAVE_STDIO_H 1
| #define HAVE_STDLIB_H 1
| #define HAVE_STRING_H 1
| #define HAVE_INTTYPES_H 1
| #define HAVE_STDINT_H 1
| #define HAVE_STRINGS_H 1
| #define HAVE_SYS_STAT_H 1
| #define HAVE_SYS_TYPES_H 1
| #define HAVE_UNISTD_H 1
| #define HAVE_WCHAR_H 1
| #define HAVE_SYS_TIME_H 1
| #define STDC_HEADERS 1
| #define _ALL_SOURCE 1
| #define _COSMO_SOURCE 1
| #define _DARWIN_C_SOURCE 1
| #define _GNU_SOURCE 1
| #define _HPUX_ALT_XOPEN_SOCKET_API 1
| #define _NETBSD_SOURCE 1
| #define _OPENBSD_SOURCE 1
| #define _POSIX_PTHREAD_SEMANTICS 1
| #define __STDC_WANT_IEC_60559_ATTRIBS_EXT__ 1
| #define __STDC_WANT_IEC_60559_BFP_EXT__ 1
| #define __STDC_WANT_IEC_60559_DFP_EXT__ 1
| #define __STDC_WANT_IEC_60559_EXT__ 1
| #define __STDC_WANT_IEC_60559_FUNCS_EXT__ 1
| #define __STDC_WANT_IEC_60559_TYPES_EXT__ 1
| #define __STDC_WANT_LIB_EXT2__ 1
| #define __STDC_WANT_MATH_SPEC_FUNCS__ 1
| #define _TANDEM_SOURCE 1
| #define __EXTENSIONS__ 1
| #define PACKAGE "lame"
| #define VERSION "4.0"
| #define HAVE_DLFCN_H 1
| #define LT_OBJDIR ".libs/"
| #define HAVE_ERRNO_H 1
| #define HAVE_FCNTL_H 1
| #define HAVE_LIMITS_H 1
| #define HAVE_STDINT_H 1
| #define HAVE_STRING_H 1
| /* end confdefs.h.  */
| #include <stddef.h>
| #ifdef HAVE_STDIO_H
| # include <stdio.h>
| #endif
| #ifdef HAVE_STDLIB_H
| # include <stdlib.h>
| #endif
| #ifdef HAVE_STRING_H
| # include <string.h>
| #endif
| #ifdef HAVE_INTTYPES_H
| # include <inttypes.h>
| #endif
| #ifdef HAVE_STDINT_H
| # include <stdint.h>
| #endif
| #ifdef HAVE_STRINGS_H
| # include <strings.h>
| #endif
| #ifdef HAVE_SYS_TYPES_H
| # include <sys/types.h>
| #endif
| #ifdef HAVE_SYS_STAT_H
| # include <sys/stat.h>
| #endif
| #ifdef HAVE_UNISTD_H
| # include <unistd.h>
| #endif
| #include <sys/soundcard.h>
configure:15770: result: no
configure:15776: checking for sys/time.h
configure:15776: result: yes
configure:15782: checking for unistd.h
configure:15782: result: yes
configure:15788: checking for linux/soundcard.h
configure:15788: gcc -c   conftest.c >&5
conftest.c:78:10: fatal error: 'linux/soundcard.h' file not found
#include <linux/soundcard.h>
         ^~~~~~~~~~~~~~~~~~~
1 error generated.
configure:15788: $? = 1
configure: failed program was:
| /* confdefs.h */
| #define PACKAGE_NAME "lame"
| #define PACKAGE_TARNAME "lame"
| #define PACKAGE_VERSION "4.0"
| #define PACKAGE_STRING "lame 4.0"
| #define PACKAGE_BUGREPORT "lame-dev@lists.sf.net"
| #define PACKAGE_URL ""
| #define HAVE_STDIO_H 1
| #define HAVE_STDLIB_H 1
| #define HAVE_STRING_H 1
| #define HAVE_INTTYPES_H 1
| #define HAVE_STDINT_H 1
| #define HAVE_STRINGS_H 1
| #define HAVE_SYS_STAT_H 1
| #define HAVE_SYS_TYPES_H 1
| #define HAVE_UNISTD_H 1
| #define HAVE_WCHAR_H 1
| #define HAVE_SYS_TIME_H 1
| #define STDC_HEADERS 1
| #define _ALL_SOURCE 1
| #define _COSMO_SOURCE 1
| #define _DARWIN_C_SOURCE 1
| #define _GNU_SOURCE 1
| #define _HPUX_ALT_XOPEN_SOCKET_API 1
| #define _NETBSD_SOURCE 1
| #define _OPENBSD_SOURCE 1
| #define _POSIX_PTHREAD_SEMANTICS 1
| #define __STDC_WANT_IEC_60559_ATTRIBS_EXT__ 1
| #define __STDC_WANT_IEC_60559_BFP_EXT__ 1
| #define __STDC_WANT_IEC_60559_DFP_EXT__ 1
| #define __STDC_WANT_IEC_60559_EXT__ 1
| #define __STDC_WANT_IEC_60559_FUNCS_EXT__ 1
| #define __STDC_WANT_IEC_60559_TYPES_EXT__ 1
| #define __STDC_WANT_LIB_EXT2__ 1
| #define __STDC_WANT_MATH_SPEC_FUNCS__ 1
| #define _TANDEM_SOURCE 1
| #define __EXTENSIONS__ 1
| #define PACKAGE "lame"
| #define VERSION "4.0"
| #define HAVE_DLFCN_H 1
| #define LT_OBJDIR ".libs/"
| #define HAVE_ERRNO_H 1
| #define HAVE_FCNTL_H 1
| #define HAVE_LIMITS_H 1
| #define HAVE_STDINT_H 1
| #define HAVE_STRING_H 1
| #define HAVE_SYS_TIME_H 1
| #define HAVE_UNISTD_H 1
| /* end confdefs.h.  */
| #include <stddef.h>
| #ifdef HAVE_STDIO_H
| # include <stdio.h>
| #endif
| #ifdef HAVE_STDLIB_H
| # include <stdlib.h>
| #endif
| #ifdef HAVE_STRING_H
| # include <string.h>
| #endif
| #ifdef HAVE_INTTYPES_H
| # include <inttypes.h>
| #endif
| #ifdef HAVE_STDINT_H
| # include <stdint.h>
| #endif
| #ifdef HAVE_STRINGS_H
| # include <strings.h>
| #endif
| #ifdef HAVE_SYS_TYPES_H
| # include <sys/types.h>
| #endif
| #ifdef HAVE_SYS_STAT_H
| # include <sys/stat.h>
| #endif
| #ifdef HAVE_UNISTD_H
| # include <unistd.h>
| #endif
| #include <linux/soundcard.h>
configure:15788: result: no
configure:15796: checking working SSE intrinsics
configure:15809: gcc -c   conftest.c >&5
configure:15809: $? = 0
configure:15820: result: yes
configure:15823: checking for an ANSI C-conforming const
configure:15887: gcc -c   conftest.c >&5
configure:15887: $? = 0
configure:15897: result: yes
configure:15905: checking for inline
configure:15922: gcc -c   conftest.c >&5
configure:15922: $? = 0
configure:15932: result: inline
configure:15951: checking whether byte ordering is bigendian
configure:15967: gcc -c   conftest.c >&5
configure:15967: $? = 0
configure:16013: gcc -c   conftest.c >&5
configure:16013: $? = 0
configure:16032: gcc -c   conftest.c >&5
conftest.c:58:4: error: use of undeclared identifier 'not'
                 not big endian
                 ^
1 error generated.
configure:16032: $? = 1
configure: failed program was:
| /* confdefs.h */
| #define PACKAGE_NAME "lame"
| #define PACKAGE_TARNAME "lame"
| #define PACKAGE_VERSION "4.0"
| #define PACKAGE_STRING "lame 4.0"
| #define PACKAGE_BUGREPORT "lame-dev@lists.sf.net"
| #define PACKAGE_URL ""
| #define HAVE_STDIO_H 1
| #define HAVE_STDLIB_H 1
| #define HAVE_STRING_H 1
| #define HAVE_INTTYPES_H 1
| #define HAVE_STDINT_H 1
| #define HAVE_STRINGS_H 1
| #define HAVE_SYS_STAT_H 1
| #define HAVE_SYS_TYPES_H 1
| #define HAVE_UNISTD_H 1
| #define HAVE_WCHAR_H 1
| #define HAVE_SYS_TIME_H 1
| #define STDC_HEADERS 1
| #define _ALL_SOURCE 1
| #define _COSMO_SOURCE 1
| #define _DARWIN_C_SOURCE 1
| #define _GNU_SOURCE 1
| #define _HPUX_ALT_XOPEN_SOCKET_API 1
| #define _NETBSD_SOURCE 1
| #define _OPENBSD_SOURCE 1
| #define _POSIX_PTHREAD_SEMANTICS 1
| #define __STDC_WANT_IEC_60559_ATTRIBS_EXT__ 1
| #define __STDC_WANT_IEC_60559_BFP_EXT__ 1
| #define __STDC_WANT_IEC_60559_DFP_EXT__ 1
| #define __STDC_WANT_IEC_60559_EXT__ 1
| #define __STDC_WANT_IEC_60559_FUNCS_EXT__ 1
| #define __STDC_WANT_IEC_60559_TYPES_EXT__ 1
| #define __STDC_WANT_LIB_EXT2__ 1
| #define __STDC_WANT_MATH_SPEC_FUNCS__ 1
| #define _TANDEM_SOURCE 1
| #define __EXTENSIONS__ 1
| #define PACKAGE "lame"
| #define VERSION "4.0"
| #define HAVE_DLFCN_H 1
| #define LT_OBJDIR ".libs/"
| #define HAVE_ERRNO_H 1
| #define HAVE_FCNTL_H 1
| #define HAVE_LIMITS_H 1
| #define HAVE_STDINT_H 1
| #define HAVE_STRING_H 1
| #define HAVE_SYS_TIME_H 1
| #define HAVE_UNISTD_H 1
| #define HAVE_XMMINTRIN_H 1
| /* end confdefs.h.  */
| #include <sys/types.h>
| 		#include <sys/param.h>
| 
| int
| main (void)
| {
| #if BYTE_ORDER != BIG_ENDIAN
| 		 not big endian
| 		#endif
| 
|   ;
|   return 0;
| }
configure:16173: result: no
configure:16200: checking for gcc option to support large files
configure:16235: gcc -c   conftest.c >&5
configure:16235: $? = 0
configure:16241: gcc -c   -DFTYPE=ino_t conftest.c >&5
configure:16241: $? = 0
configure:16266: result: none needed
configure:16371: checking size of short
configure:16377: gcc -o conftest    conftest.c  >&5
configure:16377: $? = 0
configure:16377: ./conftest
configure:16377: $? = 0
configure:16387: result: 2
configure:16399: checking size of unsigned short
configure:16405: gcc -o conftest    conftest.c  >&5
configure:16405: $? = 0
configure:16405: ./conftest
configure:16405: $? = 0
configure:16415: result: 2
configure:16427: checking size of int
configure:16433: gcc -o conftest    conftest.c  >&5
configure:16433: $? = 0
configure:16433: ./conftest
configure:16433: $? = 0
configure:16443: result: 4
configure:16455: checking size of unsigned int
configure:16461: gcc -o conftest    conftest.c  >&5
configure:16461: $? = 0
configure:16461: ./conftest
configure:16461: $? = 0
configure:16471: result: 4
configure:16483: checking size of long
configure:16489: gcc -o conftest    conftest.c  >&5
configure:16489: $? = 0
configure:16489: ./conftest
configure:16489: $? = 0
configure:16499: result: 8
configure:16511: checking size of unsigned long
configure:16517: gcc -o conftest    conftest.c  >&5
configure:16517: $? = 0
configure:16517: ./conftest
configure:16517: $? = 0
configure:16527: result: 8
configure:16539: checking size of long long
configure:16545: gcc -o conftest    conftest.c  >&5
configure:16545: $? = 0
configure:16545: ./conftest
configure:16545: $? = 0
configure:16555: result: 8
configure:16567: checking size of unsigned long long
configure:16573: gcc -o conftest    conftest.c  >&5
configure:16573: $? = 0
configure:16573: ./conftest
configure:16573: $? = 0
configure:16583: result: 8
configure:16595: checking size of float
configure:16601: gcc -o conftest    conftest.c  >&5
configure:16601: $? = 0
configure:16601: ./conftest
configure:16601: $? = 0
configure:16611: result: 4
configure:16623: checking size of double
configure:16629: gcc -o conftest    conftest.c  >&5
configure:16629: $? = 0
configure:16629: ./conftest
configure:16629: $? = 0
configure:16639: result: 8
configure:16666: checking for long double with more range or precision than double
configure:16703: gcc -c   conftest.c >&5
configure:16703: $? = 0
configure:16713: result: yes
configure:16733: checking size of long double
configure:16739: gcc -o conftest    conftest.c  >&5
configure:16739: $? = 0
configure:16739: ./conftest
configure:16739: $? = 0
configure:16749: result: 16
configure:16759: checking for uint8_t
configure:16759: gcc -c   conftest.c >&5
configure:16759: $? = 0
configure:16759: gcc -c   conftest.c >&5
conftest.c:95:22: error: expected expression
if (sizeof ((uint8_t)))
                     ^
1 error generated.
configure:16759: $? = 1
configure: failed program was:
| /* confdefs.h */
| #define PACKAGE_NAME "lame"
| #define PACKAGE_TARNAME "lame"
| #define PACKAGE_VERSION "4.0"
| #define PACKAGE_STRING "lame 4.0"
| #define PACKAGE_BUGREPORT "lame-dev@lists.sf.net"
| #define PACKAGE_URL ""
| #define HAVE_STDIO_H 1
| #define HAVE_STDLIB_H 1
| #define HAVE_STRING_H 1
| #define HAVE_INTTYPES_H 1
| #define HAVE_STDINT_H 1
| #define HAVE_STRINGS_H 1
| #define HAVE_SYS_STAT_H 1
| #define HAVE_SYS_TYPES_H 1
| #define HAVE_UNISTD_H 1
| #define HAVE_WCHAR_H 1
| #define HAVE_SYS_TIME_H 1
| #define STDC_HEADERS 1
| #define _ALL_SOURCE 1
| #define _COSMO_SOURCE 1
| #define _DARWIN_C_SOURCE 1
| #define _GNU_SOURCE 1
| #define _HPUX_ALT_XOPEN_SOCKET_API 1
| #define _NETBSD_SOURCE 1
| #define _OPENBSD_SOURCE 1
| #define _POSIX_PTHREAD_SEMANTICS 1
| #define __STDC_WANT_IEC_60559_ATTRIBS_EXT__ 1
| #define __STDC_WANT_IEC_60559_BFP_EXT__ 1
| #define __STDC_WANT_IEC_60559_DFP_EXT__ 1
| #define __STDC_WANT_IEC_60559_EXT__ 1
| #define __STDC_WANT_IEC_60559_FUNCS_EXT__ 1
| #define __STDC_WANT_IEC_60559_TYPES_EXT__ 1
| #define __STDC_WANT_LIB_EXT2__ 1
| #define __STDC_WANT_MATH_SPEC_FUNCS__ 1
| #define _TANDEM_SOURCE 1
| #define __EXTENSIONS__ 1
| #define PACKAGE "lame"
| #define VERSION "4.0"
| #define HAVE_DLFCN_H 1
| #define LT_OBJDIR ".libs/"
| #define HAVE_ERRNO_H 1
| #define HAVE_FCNTL_H 1
| #define HAVE_LIMITS_H 1
| #define HAVE_STDINT_H 1
| #define HAVE_STRING_H 1
| #define HAVE_SYS_TIME_H 1
| #define HAVE_UNISTD_H 1
| #define HAVE_XMMINTRIN_H 1
| #define SIZEOF_SHORT 2
| #define SIZEOF_UNSIGNED_SHORT 2
| #define SIZEOF_INT 4
| #define SIZEOF_UNSIGNED_INT 4
| #define SIZEOF_LONG 8
| #define SIZEOF_UNSIGNED_LONG 8
| #define SIZEOF_LONG_LONG 8
| #define SIZEOF_UNSIGNED_LONG_LONG 8
| #define SIZEOF_FLOAT 4
| #define SIZEOF_DOUBLE 8
| #define HAVE_LONG_DOUBLE_WIDER 1
| #define HAVE_LONG_DOUBLE 1
| #define SIZEOF_LONG_DOUBLE 16
| /* end confdefs.h.  */
| #include <stddef.h>
| #ifdef HAVE_STDIO_H
| # include <stdio.h>
| #endif
| #ifdef HAVE_STDLIB_H
| # include <stdlib.h>
| #endif
| #ifdef HAVE_STRING_H
| # include <string.h>
| #endif
| #ifdef HAVE_INTTYPES_H
| # include <inttypes.h>
| #endif
| #ifdef HAVE_STDINT_H
| # include <stdint.h>
| #endif
| #ifdef HAVE_STRINGS_H
| # include <strings.h>
| #endif
| #ifdef HAVE_SYS_TYPES_H
| # include <sys/types.h>
| #endif
| #ifdef HAVE_SYS_STAT_H
| # include <sys/stat.h>
| #endif
| #ifdef HAVE_UNISTD_H
| # include <unistd.h>
| #endif
| int
| main (void)
| {
| if (sizeof ((uint8_t)))
| 	    return 0;
|   ;
|   return 0;
| }
configure:16759: result: yes
configure:16767: checking for int8_t
configure:16767: gcc -c   conftest.c >&5
configure:16767: $? = 0
configure:16767: gcc -c   conftest.c >&5
conftest.c:96:21: error: expected expression
if (sizeof ((int8_t)))
                    ^
1 error generated.
configure:16767: $? = 1
configure: failed program was:
| /* confdefs.h */
| #define PACKAGE_NAME "lame"
| #define PACKAGE_TARNAME "lame"
| #define PACKAGE_VERSION "4.0"
| #define PACKAGE_STRING "lame 4.0"
| #define PACKAGE_BUGREPORT "lame-dev@lists.sf.net"
| #define PACKAGE_URL ""
| #define HAVE_STDIO_H 1
| #define HAVE_STDLIB_H 1
| #define HAVE_STRING_H 1
| #define HAVE_INTTYPES_H 1
| #define HAVE_STDINT_H 1
| #define HAVE_STRINGS_H 1
| #define HAVE_SYS_STAT_H 1
| #define HAVE_SYS_TYPES_H 1
| #define HAVE_UNISTD_H 1
| #define HAVE_WCHAR_H 1
| #define HAVE_SYS_TIME_H 1
| #define STDC_HEADERS 1
| #define _ALL_SOURCE 1
| #define _COSMO_SOURCE 1
| #define _DARWIN_C_SOURCE 1
| #define _GNU_SOURCE 1
| #define _HPUX_ALT_XOPEN_SOCKET_API 1
| #define _NETBSD_SOURCE 1
| #define _OPENBSD_SOURCE 1
| #define _POSIX_PTHREAD_SEMANTICS 1
| #define __STDC_WANT_IEC_60559_ATTRIBS_EXT__ 1
| #define __STDC_WANT_IEC_60559_BFP_EXT__ 1
| #define __STDC_WANT_IEC_60559_DFP_EXT__ 1
| #define __STDC_WANT_IEC_60559_EXT__ 1
| #define __STDC_WANT_IEC_60559_FUNCS_EXT__ 1
| #define __STDC_WANT_IEC_60559_TYPES_EXT__ 1
| #define __STDC_WANT_LIB_EXT2__ 1
| #define __STDC_WANT_MATH_SPEC_FUNCS__ 1
| #define _TANDEM_SOURCE 1
| #define __EXTENSIONS__ 1
| #define PACKAGE "lame"
| #define VERSION "4.0"
| #define HAVE_DLFCN_H 1
| #define LT_OBJDIR ".libs/"
| #define HAVE_ERRNO_H 1
| #define HAVE_FCNTL_H 1
| #define HAVE_LIMITS_H 1
| #define HAVE_STDINT_H 1
| #define HAVE_STRING_H 1
| #define HAVE_SYS_TIME_H 1
| #define HAVE_UNISTD_H 1
| #define HAVE_XMMINTRIN_H 1
| #define SIZEOF_SHORT 2
| #define SIZEOF_UNSIGNED_SHORT 2
| #define SIZEOF_INT 4
| #define SIZEOF_UNSIGNED_INT 4
| #define SIZEOF_LONG 8
| #define SIZEOF_UNSIGNED_LONG 8
| #define SIZEOF_LONG_LONG 8
| #define SIZEOF_UNSIGNED_LONG_LONG 8
| #define SIZEOF_FLOAT 4
| #define SIZEOF_DOUBLE 8
| #define HAVE_LONG_DOUBLE_WIDER 1
| #define HAVE_LONG_DOUBLE 1
| #define SIZEOF_LONG_DOUBLE 16
| #define HAVE_UINT8_T 1
| /* end confdefs.h.  */
| #include <stddef.h>
| #ifdef HAVE_STDIO_H
| # include <stdio.h>
| #endif
| #ifdef HAVE_STDLIB_H
| # include <stdlib.h>
| #endif
| #ifdef HAVE_STRING_H
| # include <string.h>
| #endif
| #ifdef HAVE_INTTYPES_H
| # include <inttypes.h>
| #endif
| #ifdef HAVE_STDINT_H
| # include <stdint.h>
| #endif
| #ifdef HAVE_STRINGS_H
| # include <strings.h>
| #endif
| #ifdef HAVE_SYS_TYPES_H
| # include <sys/types.h>
| #endif
| #ifdef HAVE_SYS_STAT_H
| # include <sys/stat.h>
| #endif
| #ifdef HAVE_UNISTD_H
| # include <unistd.h>
| #endif
| int
| main (void)
| {
| if (sizeof ((int8_t)))
| 	    return 0;
|   ;
|   return 0;
| }
configure:16767: result: yes
configure:16775: checking for uint16_t
configure:16775: gcc -c   conftest.c >&5
configure:16775: $? = 0
configure:16775: gcc -c   conftest.c >&5
conftest.c:97:23: error: expected expression
if (sizeof ((uint16_t)))
                      ^
1 error generated.
configure:16775: $? = 1
configure: failed program was:
| /* confdefs.h */
| #define PACKAGE_NAME "lame"
| #define PACKAGE_TARNAME "lame"
| #define PACKAGE_VERSION "4.0"
| #define PACKAGE_STRING "lame 4.0"
| #define PACKAGE_BUGREPORT "lame-dev@lists.sf.net"
| #define PACKAGE_URL ""
| #define HAVE_STDIO_H 1
| #define HAVE_STDLIB_H 1
| #define HAVE_STRING_H 1
| #define HAVE_INTTYPES_H 1
| #define HAVE_STDINT_H 1
| #define HAVE_STRINGS_H 1
| #define HAVE_SYS_STAT_H 1
| #define HAVE_SYS_TYPES_H 1
| #define HAVE_UNISTD_H 1
| #define HAVE_WCHAR_H 1
| #define HAVE_SYS_TIME_H 1
| #define STDC_HEADERS 1
| #define _ALL_SOURCE 1
| #define _COSMO_SOURCE 1
| #define _DARWIN_C_SOURCE 1
| #define _GNU_SOURCE 1
| #define _HPUX_ALT_XOPEN_SOCKET_API 1
| #define _NETBSD_SOURCE 1
| #define _OPENBSD_SOURCE 1
| #define _POSIX_PTHREAD_SEMANTICS 1
| #define __STDC_WANT_IEC_60559_ATTRIBS_EXT__ 1
| #define __STDC_WANT_IEC_60559_BFP_EXT__ 1
| #define __STDC_WANT_IEC_60559_DFP_EXT__ 1
| #define __STDC_WANT_IEC_60559_EXT__ 1
| #define __STDC_WANT_IEC_60559_FUNCS_EXT__ 1
| #define __STDC_WANT_IEC_60559_TYPES_EXT__ 1
| #define __STDC_WANT_LIB_EXT2__ 1
| #define __STDC_WANT_MATH_SPEC_FUNCS__ 1
| #define _TANDEM_SOURCE 1
| #define __EXTENSIONS__ 1
| #define PACKAGE "lame"
| #define VERSION "4.0"
| #define HAVE_DLFCN_H 1
| #define LT_OBJDIR ".libs/"
| #define HAVE_ERRNO_H 1
| #define HAVE_FCNTL_H 1
| #define HAVE_LIMITS_H 1
| #define HAVE_STDINT_H 1
| #define HAVE_STRING_H 1
| #define HAVE_SYS_TIME_H 1
| #define HAVE_UNISTD_H 1
| #define HAVE_XMMINTRIN_H 1
| #define SIZEOF_SHORT 2
| #define SIZEOF_UNSIGNED_SHORT 2
| #define SIZEOF_INT 4
| #define SIZEOF_UNSIGNED_INT 4
| #define SIZEOF_LONG 8
| #define SIZEOF_UNSIGNED_LONG 8
| #define SIZEOF_LONG_LONG 8
| #define SIZEOF_UNSIGNED_LONG_LONG 8
| #define SIZEOF_FLOAT 4
| #define SIZEOF_DOUBLE 8
| #define HAVE_LONG_DOUBLE_WIDER 1
| #define HAVE_LONG_DOUBLE 1
| #define SIZEOF_LONG_DOUBLE 16
| #define HAVE_UINT8_T 1
| #define HAVE_INT8_T 1
| /* end confdefs.h.  */
| #include <stddef.h>
| #ifdef HAVE_STDIO_H
| # include <stdio.h>
| #endif
| #ifdef HAVE_STDLIB_H
| # include <stdlib.h>
| #endif
| #ifdef HAVE_STRING_H
| # include <string.h>
| #endif
| #ifdef HAVE_INTTYPES_H
| # include <inttypes.h>
| #endif
| #ifdef HAVE_STDINT_H
| # include <stdint.h>
| #endif
| #ifdef HAVE_STRINGS_H
| # include <strings.h>
| #endif
| #ifdef HAVE_SYS_TYPES_H
| # include <sys/types.h>
| #endif
| #ifdef HAVE_SYS_STAT_H
| # include <sys/stat.h>
| #endif
| #ifdef HAVE_UNISTD_H
| # include <unistd.h>
| #endif
| int
| main (void)
| {
| if (sizeof ((uint16_t)))
| 	    return 0;
|   ;
|   return 0;
| }
configure:16775: result: yes
configure:16783: checking for int16_t
configure:16783: gcc -c   conftest.c >&5
configure:16783: $? = 0
configure:16783: gcc -c   conftest.c >&5
conftest.c:98:22: error: expected expression
if (sizeof ((int16_t)))
                     ^
1 error generated.
configure:16783: $? = 1
configure: failed program was:
| /* confdefs.h */
| #define PACKAGE_NAME "lame"
| #define PACKAGE_TARNAME "lame"
| #define PACKAGE_VERSION "4.0"
| #define PACKAGE_STRING "lame 4.0"
| #define PACKAGE_BUGREPORT "lame-dev@lists.sf.net"
| #define PACKAGE_URL ""
| #define HAVE_STDIO_H 1
| #define HAVE_STDLIB_H 1
| #define HAVE_STRING_H 1
| #define HAVE_INTTYPES_H 1
| #define HAVE_STDINT_H 1
| #define HAVE_STRINGS_H 1
| #define HAVE_SYS_STAT_H 1
| #define HAVE_SYS_TYPES_H 1
| #define HAVE_UNISTD_H 1
| #define HAVE_WCHAR_H 1
| #define HAVE_SYS_TIME_H 1
| #define STDC_HEADERS 1
| #define _ALL_SOURCE 1
| #define _COSMO_SOURCE 1
| #define _DARWIN_C_SOURCE 1
| #define _GNU_SOURCE 1
| #define _HPUX_ALT_XOPEN_SOCKET_API 1
| #define _NETBSD_SOURCE 1
| #define _OPENBSD_SOURCE 1
| #define _POSIX_PTHREAD_SEMANTICS 1
| #define __STDC_WANT_IEC_60559_ATTRIBS_EXT__ 1
| #define __STDC_WANT_IEC_60559_BFP_EXT__ 1
| #define __STDC_WANT_IEC_60559_DFP_EXT__ 1
| #define __STDC_WANT_IEC_60559_EXT__ 1
| #define __STDC_WANT_IEC_60559_FUNCS_EXT__ 1
| #define __STDC_WANT_IEC_60559_TYPES_EXT__ 1
| #define __STDC_WANT_LIB_EXT2__ 1
| #define __STDC_WANT_MATH_SPEC_FUNCS__ 1
| #define _TANDEM_SOURCE 1
| #define __EXTENSIONS__ 1
| #define PACKAGE "lame"
| #define VERSION "4.0"
| #define HAVE_DLFCN_H 1
| #define LT_OBJDIR ".libs/"
| #define HAVE_ERRNO_H 1
| #define HAVE_FCNTL_H 1
| #define HAVE_LIMITS_H 1
| #define HAVE_STDINT_H 1
| #define HAVE_STRING_H 1
| #define HAVE_SYS_TIME_H 1
| #define HAVE_UNISTD_H 1
| #define HAVE_XMMINTRIN_H 1
| #define SIZEOF_SHORT 2
| #define SIZEOF_UNSIGNED_SHORT 2
| #define SIZEOF_INT 4
| #define SIZEOF_UNSIGNED_INT 4
| #define SIZEOF_LONG 8
| #define SIZEOF_UNSIGNED_LONG 8
| #define SIZEOF_LONG_LONG 8
| #define SIZEOF_UNSIGNED_LONG_LONG 8
| #define SIZEOF_FLOAT 4
| #define SIZEOF_DOUBLE 8
| #define HAVE_LONG_DOUBLE_WIDER 1
| #define HAVE_LONG_DOUBLE 1
| #define SIZEOF_LONG_DOUBLE 16
| #define HAVE_UINT8_T 1
| #define HAVE_INT8_T 1
| #define HAVE_UINT16_T 1
| /* end confdefs.h.  */
| #include <stddef.h>
| #ifdef HAVE_STDIO_H
| # include <stdio.h>
| #endif
| #ifdef HAVE_STDLIB_H
| # include <stdlib.h>
| #endif
| #ifdef HAVE_STRING_H
| # include <string.h>
| #endif
| #ifdef HAVE_INTTYPES_H
| # include <inttypes.h>
| #endif
| #ifdef HAVE_STDINT_H
| # include <stdint.h>
| #endif
| #ifdef HAVE_STRINGS_H
| # include <strings.h>
| #endif
| #ifdef HAVE_SYS_TYPES_H
| # include <sys/types.h>
| #endif
| #ifdef HAVE_SYS_STAT_H
| # include <sys/stat.h>
| #endif
| #ifdef HAVE_UNISTD_H
| # include <unistd.h>
| #endif
| int
| main (void)
| {
| if (sizeof ((int16_t)))
| 	    return 0;
|   ;
|   return 0;
| }
configure:16783: result: yes
configure:16791: checking for uint32_t
configure:16791: gcc -c   conftest.c >&5
configure:16791: $? = 0
configure:16791: gcc -c   conftest.c >&5
conftest.c:99:23: error: expected expression
if (sizeof ((uint32_t)))
                      ^
1 error generated.
configure:16791: $? = 1
configure: failed program was:
| /* confdefs.h */
| #define PACKAGE_NAME "lame"
| #define PACKAGE_TARNAME "lame"
| #define PACKAGE_VERSION "4.0"
| #define PACKAGE_STRING "lame 4.0"
| #define PACKAGE_BUGREPORT "lame-dev@lists.sf.net"
| #define PACKAGE_URL ""
| #define HAVE_STDIO_H 1
| #define HAVE_STDLIB_H 1
| #define HAVE_STRING_H 1
| #define HAVE_INTTYPES_H 1
| #define HAVE_STDINT_H 1
| #define HAVE_STRINGS_H 1
| #define HAVE_SYS_STAT_H 1
| #define HAVE_SYS_TYPES_H 1
| #define HAVE_UNISTD_H 1
| #define HAVE_WCHAR_H 1
| #define HAVE_SYS_TIME_H 1
| #define STDC_HEADERS 1
| #define _ALL_SOURCE 1
| #define _COSMO_SOURCE 1
| #define _DARWIN_C_SOURCE 1
| #define _GNU_SOURCE 1
| #define _HPUX_ALT_XOPEN_SOCKET_API 1
| #define _NETBSD_SOURCE 1
| #define _OPENBSD_SOURCE 1
| #define _POSIX_PTHREAD_SEMANTICS 1
| #define __STDC_WANT_IEC_60559_ATTRIBS_EXT__ 1
| #define __STDC_WANT_IEC_60559_BFP_EXT__ 1
| #define __STDC_WANT_IEC_60559_DFP_EXT__ 1
| #define __STDC_WANT_IEC_60559_EXT__ 1
| #define __STDC_WANT_IEC_60559_FUNCS_EXT__ 1
| #define __STDC_WANT_IEC_60559_TYPES_EXT__ 1
| #define __STDC_WANT_LIB_EXT2__ 1
| #define __STDC_WANT_MATH_SPEC_FUNCS__ 1
| #define _TANDEM_SOURCE 1
| #define __EXTENSIONS__ 1
| #define PACKAGE "lame"
| #define VERSION "4.0"
| #define HAVE_DLFCN_H 1
| #define LT_OBJDIR ".libs/"
| #define HAVE_ERRNO_H 1
| #define HAVE_FCNTL_H 1
| #define HAVE_LIMITS_H 1
| #define HAVE_STDINT_H 1
| #define HAVE_STRING_H 1
| #define HAVE_SYS_TIME_H 1
| #define HAVE_UNISTD_H 1
| #define HAVE_XMMINTRIN_H 1
| #define SIZEOF_SHORT 2
| #define SIZEOF_UNSIGNED_SHORT 2
| #define SIZEOF_INT 4
| #define SIZEOF_UNSIGNED_INT 4
| #define SIZEOF_LONG 8
| #define SIZEOF_UNSIGNED_LONG 8
| #define SIZEOF_LONG_LONG 8
| #define SIZEOF_UNSIGNED_LONG_LONG 8
| #define SIZEOF_FLOAT 4
| #define SIZEOF_DOUBLE 8
| #define HAVE_LONG_DOUBLE_WIDER 1
| #define HAVE_LONG_DOUBLE 1
| #define SIZEOF_LONG_DOUBLE 16
| #define HAVE_UINT8_T 1
| #define HAVE_INT8_T 1
| #define HAVE_UINT16_T 1
| #define HAVE_INT16_T 1
| /* end confdefs.h.  */
| #include <stddef.h>
| #ifdef HAVE_STDIO_H
| # include <stdio.h>
| #endif
| #ifdef HAVE_STDLIB_H
| # include <stdlib.h>
| #endif
| #ifdef HAVE_STRING_H
| # include <string.h>
| #endif
| #ifdef HAVE_INTTYPES_H
| # include <inttypes.h>
| #endif
| #ifdef HAVE_STDINT_H
| # include <stdint.h>
| #endif
| #ifdef HAVE_STRINGS_H
| # include <strings.h>
| #endif
| #ifdef HAVE_SYS_TYPES_H
| # include <sys/types.h>
| #endif
| #ifdef HAVE_SYS_STAT_H
| # include <sys/stat.h>
| #endif
| #ifdef HAVE_UNISTD_H
| # include <unistd.h>
| #endif
| int
| main (void)
| {
| if (sizeof ((uint32_t)))
| 	    return 0;
|   ;
|   return 0;
| }
configure:16791: result: yes
configure:16799: checking for int32_t
configure:16799: gcc -c   conftest.c >&5
configure:16799: $? = 0
configure:16799: gcc -c   conftest.c >&5
conftest.c:100:22: error: expected expression
if (sizeof ((int32_t)))
                     ^
1 error generated.
configure:16799: $? = 1
configure: failed program was:
| /* confdefs.h */
| #define PACKAGE_NAME "lame"
| #define PACKAGE_TARNAME "lame"
| #define PACKAGE_VERSION "4.0"
| #define PACKAGE_STRING "lame 4.0"
| #define PACKAGE_BUGREPORT "lame-dev@lists.sf.net"
| #define PACKAGE_URL ""
| #define HAVE_STDIO_H 1
| #define HAVE_STDLIB_H 1
| #define HAVE_STRING_H 1
| #define HAVE_INTTYPES_H 1
| #define HAVE_STDINT_H 1
| #define HAVE_STRINGS_H 1
| #define HAVE_SYS_STAT_H 1
| #define HAVE_SYS_TYPES_H 1
| #define HAVE_UNISTD_H 1
| #define HAVE_WCHAR_H 1
| #define HAVE_SYS_TIME_H 1
| #define STDC_HEADERS 1
| #define _ALL_SOURCE 1
| #define _COSMO_SOURCE 1
| #define _DARWIN_C_SOURCE 1
| #define _GNU_SOURCE 1
| #define _HPUX_ALT_XOPEN_SOCKET_API 1
| #define _NETBSD_SOURCE 1
| #define _OPENBSD_SOURCE 1
| #define _POSIX_PTHREAD_SEMANTICS 1
| #define __STDC_WANT_IEC_60559_ATTRIBS_EXT__ 1
| #define __STDC_WANT_IEC_60559_BFP_EXT__ 1
| #define __STDC_WANT_IEC_60559_DFP_EXT__ 1
| #define __STDC_WANT_IEC_60559_EXT__ 1
| #define __STDC_WANT_IEC_60559_FUNCS_EXT__ 1
| #define __STDC_WANT_IEC_60559_TYPES_EXT__ 1
| #define __STDC_WANT_LIB_EXT2__ 1
| #define __STDC_WANT_MATH_SPEC_FUNCS__ 1
| #define _TANDEM_SOURCE 1
| #define __EXTENSIONS__ 1
| #define PACKAGE "lame"
| #define VERSION "4.0"
| #define HAVE_DLFCN_H 1
| #define LT_OBJDIR ".libs/"
| #define HAVE_ERRNO_H 1
| #define HAVE_FCNTL_H 1
| #define HAVE_LIMITS_H 1
| #define HAVE_STDINT_H 1
| #define HAVE_STRING_H 1
| #define HAVE_SYS_TIME_H 1
| #define HAVE_UNISTD_H 1
| #define HAVE_XMMINTRIN_H 1
| #define SIZEOF_SHORT 2
| #define SIZEOF_UNSIGNED_SHORT 2
| #define SIZEOF_INT 4
| #define SIZEOF_UNSIGNED_INT 4
| #define SIZEOF_LONG 8
| #define SIZEOF_UNSIGNED_LONG 8
| #define SIZEOF_LONG_LONG 8
| #define SIZEOF_UNSIGNED_LONG_LONG 8
| #define SIZEOF_FLOAT 4
| #define SIZEOF_DOUBLE 8
| #define HAVE_LONG_DOUBLE_WIDER 1
| #define HAVE_LONG_DOUBLE 1
| #define SIZEOF_LONG_DOUBLE 16
| #define HAVE_UINT8_T 1
| #define HAVE_INT8_T 1
| #define HAVE_UINT16_T 1
| #define HAVE_INT16_T 1
| #define HAVE_UINT32_T 1
| /* end confdefs.h.  */
| #include <stddef.h>
| #ifdef HAVE_STDIO_H
| # include <stdio.h>
| #endif
| #ifdef HAVE_STDLIB_H
| # include <stdlib.h>
| #endif
| #ifdef HAVE_STRING_H
| # include <string.h>
| #endif
| #ifdef HAVE_INTTYPES_H
| # include <inttypes.h>
| #endif
| #ifdef HAVE_STDINT_H
| # include <stdint.h>
| #endif
| #ifdef HAVE_STRINGS_H
| # include <strings.h>
| #endif
| #ifdef HAVE_SYS_TYPES_H
| # include <sys/types.h>
| #endif
| #ifdef HAVE_SYS_STAT_H
| # include <sys/stat.h>
| #endif
| #ifdef HAVE_UNISTD_H
| # include <unistd.h>
| #endif
| int
| main (void)
| {
| if (sizeof ((int32_t)))
| 	    return 0;
|   ;
|   return 0;
| }
configure:16799: result: yes
configure:16807: checking for uint64_t
configure:16807: gcc -c   conftest.c >&5
configure:16807: $? = 0
configure:16807: gcc -c   conftest.c >&5
conftest.c:101:23: error: expected expression
if (sizeof ((uint64_t)))
                      ^
1 error generated.
configure:16807: $? = 1
configure: failed program was:
| /* confdefs.h */
| #define PACKAGE_NAME "lame"
| #define PACKAGE_TARNAME "lame"
| #define PACKAGE_VERSION "4.0"
| #define PACKAGE_STRING "lame 4.0"
| #define PACKAGE_BUGREPORT "lame-dev@lists.sf.net"
| #define PACKAGE_URL ""
| #define HAVE_STDIO_H 1
| #define HAVE_STDLIB_H 1
| #define HAVE_STRING_H 1
| #define HAVE_INTTYPES_H 1
| #define HAVE_STDINT_H 1
| #define HAVE_STRINGS_H 1
| #define HAVE_SYS_STAT_H 1
| #define HAVE_SYS_TYPES_H 1
| #define HAVE_UNISTD_H 1
| #define HAVE_WCHAR_H 1
| #define HAVE_SYS_TIME_H 1
| #define STDC_HEADERS 1
| #define _ALL_SOURCE 1
| #define _COSMO_SOURCE 1
| #define _DARWIN_C_SOURCE 1
| #define _GNU_SOURCE 1
| #define _HPUX_ALT_XOPEN_SOCKET_API 1
| #define _NETBSD_SOURCE 1
| #define _OPENBSD_SOURCE 1
| #define _POSIX_PTHREAD_SEMANTICS 1
| #define __STDC_WANT_IEC_60559_ATTRIBS_EXT__ 1
| #define __STDC_WANT_IEC_60559_BFP_EXT__ 1
| #define __STDC_WANT_IEC_60559_DFP_EXT__ 1
| #define __STDC_WANT_IEC_60559_EXT__ 1
| #define __STDC_WANT_IEC_60559_FUNCS_EXT__ 1
| #define __STDC_WANT_IEC_60559_TYPES_EXT__ 1
| #define __STDC_WANT_LIB_EXT2__ 1
| #define __STDC_WANT_MATH_SPEC_FUNCS__ 1
| #define _TANDEM_SOURCE 1
| #define __EXTENSIONS__ 1
| #define PACKAGE "lame"
| #define VERSION "4.0"
| #define HAVE_DLFCN_H 1
| #define LT_OBJDIR ".libs/"
| #define HAVE_ERRNO_H 1
| #define HAVE_FCNTL_H 1
| #define HAVE_LIMITS_H 1
| #define HAVE_STDINT_H 1
| #define HAVE_STRING_H 1
| #define HAVE_SYS_TIME_H 1
| #define HAVE_UNISTD_H 1
| #define HAVE_XMMINTRIN_H 1
| #define SIZEOF_SHORT 2
| #define SIZEOF_UNSIGNED_SHORT 2
| #define SIZEOF_INT 4
| #define SIZEOF_UNSIGNED_INT 4
| #define SIZEOF_LONG 8
| #define SIZEOF_UNSIGNED_LONG 8
| #define SIZEOF_LONG_LONG 8
| #define SIZEOF_UNSIGNED_LONG_LONG 8
| #define SIZEOF_FLOAT 4
| #define SIZEOF_DOUBLE 8
| #define HAVE_LONG_DOUBLE_WIDER 1
| #define HAVE_LONG_DOUBLE 1
| #define SIZEOF_LONG_DOUBLE 16
| #define HAVE_UINT8_T 1
| #define HAVE_INT8_T 1
| #define HAVE_UINT16_T 1
| #define HAVE_INT16_T 1
| #define HAVE_UINT32_T 1
| #define HAVE_INT32_T 1
| /* end confdefs.h.  */
| #include <stddef.h>
| #ifdef HAVE_STDIO_H
| # include <stdio.h>
| #endif
| #ifdef HAVE_STDLIB_H
| # include <stdlib.h>
| #endif
| #ifdef HAVE_STRING_H
| # include <string.h>
| #endif
| #ifdef HAVE_INTTYPES_H
| # include <inttypes.h>
| #endif
| #ifdef HAVE_STDINT_H
| # include <stdint.h>
| #endif
| #ifdef HAVE_STRINGS_H
| # include <strings.h>
| #endif
| #ifdef HAVE_SYS_TYPES_H
| # include <sys/types.h>
| #endif
| #ifdef HAVE_SYS_STAT_H
| # include <sys/stat.h>
| #endif
| #ifdef HAVE_UNISTD_H
| # include <unistd.h>
| #endif
| int
| main (void)
| {
| if (sizeof ((uint64_t)))
| 	    return 0;
|   ;
|   return 0;
| }
configure:16807: result: yes
configure:16815: checking for int64_t
configure:16815: gcc -c   conftest.c >&5
configure:16815: $? = 0
configure:16815: gcc -c   conftest.c >&5
conftest.c:102:22: error: expected expression
if (sizeof ((int64_t)))
                     ^
1 error generated.
configure:16815: $? = 1
configure: failed program was:
| /* confdefs.h */
| #define PACKAGE_NAME "lame"
| #define PACKAGE_TARNAME "lame"
| #define PACKAGE_VERSION "4.0"
| #define PACKAGE_STRING "lame 4.0"
| #define PACKAGE_BUGREPORT "lame-dev@lists.sf.net"
| #define PACKAGE_URL ""
| #define HAVE_STDIO_H 1
| #define HAVE_STDLIB_H 1
| #define HAVE_STRING_H 1
| #define HAVE_INTTYPES_H 1
| #define HAVE_STDINT_H 1
| #define HAVE_STRINGS_H 1
| #define HAVE_SYS_STAT_H 1
| #define HAVE_SYS_TYPES_H 1
| #define HAVE_UNISTD_H 1
| #define HAVE_WCHAR_H 1
| #define HAVE_SYS_TIME_H 1
| #define STDC_HEADERS 1
| #define _ALL_SOURCE 1
| #define _COSMO_SOURCE 1
| #define _DARWIN_C_SOURCE 1
| #define _GNU_SOURCE 1
| #define _HPUX_ALT_XOPEN_SOCKET_API 1
| #define _NETBSD_SOURCE 1
| #define _OPENBSD_SOURCE 1
| #define _POSIX_PTHREAD_SEMANTICS 1
| #define __STDC_WANT_IEC_60559_ATTRIBS_EXT__ 1
| #define __STDC_WANT_IEC_60559_BFP_EXT__ 1
| #define __STDC_WANT_IEC_60559_DFP_EXT__ 1
| #define __STDC_WANT_IEC_60559_EXT__ 1
| #define __STDC_WANT_IEC_60559_FUNCS_EXT__ 1
| #define __STDC_WANT_IEC_60559_TYPES_EXT__ 1
| #define __STDC_WANT_LIB_EXT2__ 1
| #define __STDC_WANT_MATH_SPEC_FUNCS__ 1
| #define _TANDEM_SOURCE 1
| #define __EXTENSIONS__ 1
| #define PACKAGE "lame"
| #define VERSION "4.0"
| #define HAVE_DLFCN_H 1
| #define LT_OBJDIR ".libs/"
| #define HAVE_ERRNO_H 1
| #define HAVE_FCNTL_H 1
| #define HAVE_LIMITS_H 1
| #define HAVE_STDINT_H 1
| #define HAVE_STRING_H 1
| #define HAVE_SYS_TIME_H 1
| #define HAVE_UNISTD_H 1
| #define HAVE_XMMINTRIN_H 1
| #define SIZEOF_SHORT 2
| #define SIZEOF_UNSIGNED_SHORT 2
| #define SIZEOF_INT 4
| #define SIZEOF_UNSIGNED_INT 4
| #define SIZEOF_LONG 8
| #define SIZEOF_UNSIGNED_LONG 8
| #define SIZEOF_LONG_LONG 8
| #define SIZEOF_UNSIGNED_LONG_LONG 8
| #define SIZEOF_FLOAT 4
| #define SIZEOF_DOUBLE 8
| #define HAVE_LONG_DOUBLE_WIDER 1
| #define HAVE_LONG_DOUBLE 1
| #define SIZEOF_LONG_DOUBLE 16
| #define HAVE_UINT8_T 1
| #define HAVE_INT8_T 1
| #define HAVE_UINT16_T 1
| #define HAVE_INT16_T 1
| #define HAVE_UINT32_T 1
| #define HAVE_INT32_T 1
| #define HAVE_UINT64_T 1
| /* end confdefs.h.  */
| #include <stddef.h>
| #ifdef HAVE_STDIO_H
| # include <stdio.h>
| #endif
| #ifdef HAVE_STDLIB_H
| # include <stdlib.h>
| #endif
| #ifdef HAVE_STRING_H
| # include <string.h>
| #endif
| #ifdef HAVE_INTTYPES_H
| # include <inttypes.h>
| #endif
| #ifdef HAVE_STDINT_H
| # include <stdint.h>
| #endif
| #ifdef HAVE_STRINGS_H
| # include <strings.h>
| #endif
| #ifdef HAVE_SYS_TYPES_H
| # include <sys/types.h>
| #endif
| #ifdef HAVE_SYS_STAT_H
| # include <sys/stat.h>
| #endif
| #ifdef HAVE_UNISTD_H
| # include <unistd.h>
| #endif
| int
| main (void)
| {
| if (sizeof ((int64_t)))
| 	    return 0;
|   ;
|   return 0;
| }
configure:16815: result: yes
configure:16919: checking for IEEE854 compliant 80 bit floats
configure:16959: gcc -o conftest    conftest.c  >&5
configure:16959: $? = 0
configure:16959: ./conftest
configure:16959: $? = 1
configure: program exited with status 1
configure: failed program was:
| /* confdefs.h */
| #define PACKAGE_NAME "lame"
| #define PACKAGE_TARNAME "lame"
| #define PACKAGE_VERSION "4.0"
| #define PACKAGE_STRING "lame 4.0"
| #define PACKAGE_BUGREPORT "lame-dev@lists.sf.net"
| #define PACKAGE_URL ""
| #define HAVE_STDIO_H 1
| #define HAVE_STDLIB_H 1
| #define HAVE_STRING_H 1
| #define HAVE_INTTYPES_H 1
| #define HAVE_STDINT_H 1
| #define HAVE_STRINGS_H 1
| #define HAVE_SYS_STAT_H 1
| #define HAVE_SYS_TYPES_H 1
| #define HAVE_UNISTD_H 1
| #define HAVE_WCHAR_H 1
| #define HAVE_SYS_TIME_H 1
| #define STDC_HEADERS 1
| #define _ALL_SOURCE 1
| #define _COSMO_SOURCE 1
| #define _DARWIN_C_SOURCE 1
| #define _GNU_SOURCE 1
| #define _HPUX_ALT_XOPEN_SOCKET_API 1
| #define _NETBSD_SOURCE 1
| #define _OPENBSD_SOURCE 1
| #define _POSIX_PTHREAD_SEMANTICS 1
| #define __STDC_WANT_IEC_60559_ATTRIBS_EXT__ 1
| #define __STDC_WANT_IEC_60559_BFP_EXT__ 1
| #define __STDC_WANT_IEC_60559_DFP_EXT__ 1
| #define __STDC_WANT_IEC_60559_EXT__ 1
| #define __STDC_WANT_IEC_60559_FUNCS_EXT__ 1
| #define __STDC_WANT_IEC_60559_TYPES_EXT__ 1
| #define __STDC_WANT_LIB_EXT2__ 1
| #define __STDC_WANT_MATH_SPEC_FUNCS__ 1
| #define _TANDEM_SOURCE 1
| #define __EXTENSIONS__ 1
| #define PACKAGE "lame"
| #define VERSION "4.0"
| #define HAVE_DLFCN_H 1
| #define LT_OBJDIR ".libs/"
| #define HAVE_ERRNO_H 1
| #define HAVE_FCNTL_H 1
| #define HAVE_LIMITS_H 1
| #define HAVE_STDINT_H 1
| #define HAVE_STRING_H 1
| #define HAVE_SYS_TIME_H 1
| #define HAVE_UNISTD_H 1
| #define HAVE_XMMINTRIN_H 1
| #define SIZEOF_SHORT 2
| #define SIZEOF_UNSIGNED_SHORT 2
| #define SIZEOF_INT 4
| #define SIZEOF_UNSIGNED_INT 4
| #define SIZEOF_LONG 8
| #define SIZEOF_UNSIGNED_LONG 8
| #define SIZEOF_LONG_LONG 8
| #define SIZEOF_UNSIGNED_LONG_LONG 8
| #define SIZEOF_FLOAT 4
| #define SIZEOF_DOUBLE 8
| #define HAVE_LONG_DOUBLE_WIDER 1
| #define HAVE_LONG_DOUBLE 1
| #define SIZEOF_LONG_DOUBLE 16
| #define HAVE_UINT8_T 1
| #define HAVE_INT8_T 1
| #define HAVE_UINT16_T 1
| #define HAVE_INT16_T 1
| #define HAVE_UINT32_T 1
| #define HAVE_INT32_T 1
| #define HAVE_UINT64_T 1
| #define HAVE_INT64_T 1
| #define A_UINT32_T unsigned int
| #define A_INT32_T int
| #define A_UINT64_T unsigned long
| #define A_INT64_T long
| /* end confdefs.h.  */
| 
| int   float2long_IEEE_compliance ( void )
| {
|     struct {
|         long padding; /* to prevent unaligned access */
|         float  f;
|     } s;
|     s.f = 12582912.; if ( *(long*)(&s.f) != 1262485504l ) return 0;
|     s.f = 12615679.; if ( *(long*)(&s.f) != 1262518271l ) return 0;
|     s.f = 13582912.; if ( *(long*)(&s.f) != 1263485504l ) return 0;
|     s.f = 12550145.; if ( *(long*)(&s.f) != 1262452737l ) return 0;
|     s.f = 11582912.; if ( *(long*)(&s.f) != 1261485504l ) return 0;
|     return 1;
| }
| 
| int main(void)
| {
|     int retval;
| 
|     retval = float2long_IEEE_compliance();
| 
|     /* no error return -> success */
|     return !retval;
| }
| 
configure:16973: result: no
configure:16993: checking for ieee754_float64_t
configure:16993: gcc -c   conftest.c >&5
conftest.c:107:13: error: use of undeclared identifier 'ieee754_float64_t'
if (sizeof (ieee754_float64_t))
            ^
1 error generated.
configure:16993: $? = 1
configure: failed program was:
| /* confdefs.h */
| #define PACKAGE_NAME "lame"
| #define PACKAGE_TARNAME "lame"
| #define PACKAGE_VERSION "4.0"
| #define PACKAGE_STRING "lame 4.0"
| #define PACKAGE_BUGREPORT "lame-dev@lists.sf.net"
| #define PACKAGE_URL ""
| #define HAVE_STDIO_H 1
| #define HAVE_STDLIB_H 1
| #define HAVE_STRING_H 1
| #define HAVE_INTTYPES_H 1
| #define HAVE_STDINT_H 1
| #define HAVE_STRINGS_H 1
| #define HAVE_SYS_STAT_H 1
| #define HAVE_SYS_TYPES_H 1
| #define HAVE_UNISTD_H 1
| #define HAVE_WCHAR_H 1
| #define HAVE_SYS_TIME_H 1
| #define STDC_HEADERS 1
| #define _ALL_SOURCE 1
| #define _COSMO_SOURCE 1
| #define _DARWIN_C_SOURCE 1
| #define _GNU_SOURCE 1
| #define _HPUX_ALT_XOPEN_SOCKET_API 1
| #define _NETBSD_SOURCE 1
| #define _OPENBSD_SOURCE 1
| #define _POSIX_PTHREAD_SEMANTICS 1
| #define __STDC_WANT_IEC_60559_ATTRIBS_EXT__ 1
| #define __STDC_WANT_IEC_60559_BFP_EXT__ 1
| #define __STDC_WANT_IEC_60559_DFP_EXT__ 1
| #define __STDC_WANT_IEC_60559_EXT__ 1
| #define __STDC_WANT_IEC_60559_FUNCS_EXT__ 1
| #define __STDC_WANT_IEC_60559_TYPES_EXT__ 1
| #define __STDC_WANT_LIB_EXT2__ 1
| #define __STDC_WANT_MATH_SPEC_FUNCS__ 1
| #define _TANDEM_SOURCE 1
| #define __EXTENSIONS__ 1
| #define PACKAGE "lame"
| #define VERSION "4.0"
| #define HAVE_DLFCN_H 1
| #define LT_OBJDIR ".libs/"
| #define HAVE_ERRNO_H 1
| #define HAVE_FCNTL_H 1
| #define HAVE_LIMITS_H 1
| #define HAVE_STDINT_H 1
| #define HAVE_STRING_H 1
| #define HAVE_SYS_TIME_H 1
| #define HAVE_UNISTD_H 1
| #define HAVE_XMMINTRIN_H 1
| #define SIZEOF_SHORT 2
| #define SIZEOF_UNSIGNED_SHORT 2
| #define SIZEOF_INT 4
| #define SIZEOF_UNSIGNED_INT 4
| #define SIZEOF_LONG 8
| #define SIZEOF_UNSIGNED_LONG 8
| #define SIZEOF_LONG_LONG 8
| #define SIZEOF_UNSIGNED_LONG_LONG 8
| #define SIZEOF_FLOAT 4
| #define SIZEOF_DOUBLE 8
| #define HAVE_LONG_DOUBLE_WIDER 1
| #define HAVE_LONG_DOUBLE 1
| #define SIZEOF_LONG_DOUBLE 16
| #define HAVE_UINT8_T 1
| #define HAVE_INT8_T 1
| #define HAVE_UINT16_T 1
| #define HAVE_INT16_T 1
| #define HAVE_UINT32_T 1
| #define HAVE_INT32_T 1
| #define HAVE_UINT64_T 1
| #define HAVE_INT64_T 1
| #define A_UINT32_T unsigned int
| #define A_INT32_T int
| #define A_UINT64_T unsigned long
| #define A_INT64_T long
| /* end confdefs.h.  */
| #include <stddef.h>
| #ifdef HAVE_STDIO_H
| # include <stdio.h>
| #endif
| #ifdef HAVE_STDLIB_H
| # include <stdlib.h>
| #endif
| #ifdef HAVE_STRING_H
| # include <string.h>
| #endif
| #ifdef HAVE_INTTYPES_H
| # include <inttypes.h>
| #endif
| #ifdef HAVE_STDINT_H
| # include <stdint.h>
| #endif
| #ifdef HAVE_STRINGS_H
| # include <strings.h>
| #endif
| #ifdef HAVE_SYS_TYPES_H
| # include <sys/types.h>
| #endif
| #ifdef HAVE_SYS_STAT_H
| # include <sys/stat.h>
| #endif
| #ifdef HAVE_UNISTD_H
| # include <unistd.h>
| #endif
| int
| main (void)
| {
| if (sizeof (ieee754_float64_t))
| 	 return 0;
|   ;
|   return 0;
| }
configure:16993: result: no
configure:17001: checking for ieee754_float32_t
configure:17001: gcc -c   conftest.c >&5
conftest.c:107:13: error: use of undeclared identifier 'ieee754_float32_t'
if (sizeof (ieee754_float32_t))
            ^
1 error generated.
configure:17001: $? = 1
configure: failed program was:
| /* confdefs.h */
| #define PACKAGE_NAME "lame"
| #define PACKAGE_TARNAME "lame"
| #define PACKAGE_VERSION "4.0"
| #define PACKAGE_STRING "lame 4.0"
| #define PACKAGE_BUGREPORT "lame-dev@lists.sf.net"
| #define PACKAGE_URL ""
| #define HAVE_STDIO_H 1
| #define HAVE_STDLIB_H 1
| #define HAVE_STRING_H 1
| #define HAVE_INTTYPES_H 1
| #define HAVE_STDINT_H 1
| #define HAVE_STRINGS_H 1
| #define HAVE_SYS_STAT_H 1
| #define HAVE_SYS_TYPES_H 1
| #define HAVE_UNISTD_H 1
| #define HAVE_WCHAR_H 1
| #define HAVE_SYS_TIME_H 1
| #define STDC_HEADERS 1
| #define _ALL_SOURCE 1
| #define _COSMO_SOURCE 1
| #define _DARWIN_C_SOURCE 1
| #define _GNU_SOURCE 1
| #define _HPUX_ALT_XOPEN_SOCKET_API 1
| #define _NETBSD_SOURCE 1
| #define _OPENBSD_SOURCE 1
| #define _POSIX_PTHREAD_SEMANTICS 1
| #define __STDC_WANT_IEC_60559_ATTRIBS_EXT__ 1
| #define __STDC_WANT_IEC_60559_BFP_EXT__ 1
| #define __STDC_WANT_IEC_60559_DFP_EXT__ 1
| #define __STDC_WANT_IEC_60559_EXT__ 1
| #define __STDC_WANT_IEC_60559_FUNCS_EXT__ 1
| #define __STDC_WANT_IEC_60559_TYPES_EXT__ 1
| #define __STDC_WANT_LIB_EXT2__ 1
| #define __STDC_WANT_MATH_SPEC_FUNCS__ 1
| #define _TANDEM_SOURCE 1
| #define __EXTENSIONS__ 1
| #define PACKAGE "lame"
| #define VERSION "4.0"
| #define HAVE_DLFCN_H 1
| #define LT_OBJDIR ".libs/"
| #define HAVE_ERRNO_H 1
| #define HAVE_FCNTL_H 1
| #define HAVE_LIMITS_H 1
| #define HAVE_STDINT_H 1
| #define HAVE_STRING_H 1
| #define HAVE_SYS_TIME_H 1
| #define HAVE_UNISTD_H 1
| #define HAVE_XMMINTRIN_H 1
| #define SIZEOF_SHORT 2
| #define SIZEOF_UNSIGNED_SHORT 2
| #define SIZEOF_INT 4
| #define SIZEOF_UNSIGNED_INT 4
| #define SIZEOF_LONG 8
| #define SIZEOF_UNSIGNED_LONG 8
| #define SIZEOF_LONG_LONG 8
| #define SIZEOF_UNSIGNED_LONG_LONG 8
| #define SIZEOF_FLOAT 4
| #define SIZEOF_DOUBLE 8
| #define HAVE_LONG_DOUBLE_WIDER 1
| #define HAVE_LONG_DOUBLE 1
| #define SIZEOF_LONG_DOUBLE 16
| #define HAVE_UINT8_T 1
| #define HAVE_INT8_T 1
| #define HAVE_UINT16_T 1
| #define HAVE_INT16_T 1
| #define HAVE_UINT32_T 1
| #define HAVE_INT32_T 1
| #define HAVE_UINT64_T 1
| #define HAVE_INT64_T 1
| #define A_UINT32_T unsigned int
| #define A_INT32_T int
| #define A_UINT64_T unsigned long
| #define A_INT64_T long
| /* end confdefs.h.  */
| #include <stddef.h>
| #ifdef HAVE_STDIO_H
| # include <stdio.h>
| #endif
| #ifdef HAVE_STDLIB_H
| # include <stdlib.h>
| #endif
| #ifdef HAVE_STRING_H
| # include <string.h>
| #endif
| #ifdef HAVE_INTTYPES_H
| # include <inttypes.h>
| #endif
| #ifdef HAVE_STDINT_H
| # include <stdint.h>
| #endif
| #ifdef HAVE_STRINGS_H
| # include <strings.h>
| #endif
| #ifdef HAVE_SYS_TYPES_H
| # include <sys/types.h>
| #endif
| #ifdef HAVE_SYS_STAT_H
| # include <sys/stat.h>
| #endif
| #ifdef HAVE_UNISTD_H
| # include <unistd.h>
| #endif
| int
| main (void)
| {
| if (sizeof (ieee754_float32_t))
| 	 return 0;
|   ;
|   return 0;
| }
configure:17001: result: no
configure:17065: checking for size_t
configure:17065: gcc -c   conftest.c >&5
configure:17065: $? = 0
configure:17065: gcc -c   conftest.c >&5
conftest.c:108:21: error: expected expression
if (sizeof ((size_t)))
                    ^
1 error generated.
configure:17065: $? = 1
configure: failed program was:
| /* confdefs.h */
| #define PACKAGE_NAME "lame"
| #define PACKAGE_TARNAME "lame"
| #define PACKAGE_VERSION "4.0"
| #define PACKAGE_STRING "lame 4.0"
| #define PACKAGE_BUGREPORT "lame-dev@lists.sf.net"
| #define PACKAGE_URL ""
| #define HAVE_STDIO_H 1
| #define HAVE_STDLIB_H 1
| #define HAVE_STRING_H 1
| #define HAVE_INTTYPES_H 1
| #define HAVE_STDINT_H 1
| #define HAVE_STRINGS_H 1
| #define HAVE_SYS_STAT_H 1
| #define HAVE_SYS_TYPES_H 1
| #define HAVE_UNISTD_H 1
| #define HAVE_WCHAR_H 1
| #define HAVE_SYS_TIME_H 1
| #define STDC_HEADERS 1
| #define _ALL_SOURCE 1
| #define _COSMO_SOURCE 1
| #define _DARWIN_C_SOURCE 1
| #define _GNU_SOURCE 1
| #define _HPUX_ALT_XOPEN_SOCKET_API 1
| #define _NETBSD_SOURCE 1
| #define _OPENBSD_SOURCE 1
| #define _POSIX_PTHREAD_SEMANTICS 1
| #define __STDC_WANT_IEC_60559_ATTRIBS_EXT__ 1
| #define __STDC_WANT_IEC_60559_BFP_EXT__ 1
| #define __STDC_WANT_IEC_60559_DFP_EXT__ 1
| #define __STDC_WANT_IEC_60559_EXT__ 1
| #define __STDC_WANT_IEC_60559_FUNCS_EXT__ 1
| #define __STDC_WANT_IEC_60559_TYPES_EXT__ 1
| #define __STDC_WANT_LIB_EXT2__ 1
| #define __STDC_WANT_MATH_SPEC_FUNCS__ 1
| #define _TANDEM_SOURCE 1
| #define __EXTENSIONS__ 1
| #define PACKAGE "lame"
| #define VERSION "4.0"
| #define HAVE_DLFCN_H 1
| #define LT_OBJDIR ".libs/"
| #define HAVE_ERRNO_H 1
| #define HAVE_FCNTL_H 1
| #define HAVE_LIMITS_H 1
| #define HAVE_STDINT_H 1
| #define HAVE_STRING_H 1
| #define HAVE_SYS_TIME_H 1
| #define HAVE_UNISTD_H 1
| #define HAVE_XMMINTRIN_H 1
| #define SIZEOF_SHORT 2
| #define SIZEOF_UNSIGNED_SHORT 2
| #define SIZEOF_INT 4
| #define SIZEOF_UNSIGNED_INT 4
| #define SIZEOF_LONG 8
| #define SIZEOF_UNSIGNED_LONG 8
| #define SIZEOF_LONG_LONG 8
| #define SIZEOF_UNSIGNED_LONG_LONG 8
| #define SIZEOF_FLOAT 4
| #define SIZEOF_DOUBLE 8
| #define HAVE_LONG_DOUBLE_WIDER 1
| #define HAVE_LONG_DOUBLE 1
| #define SIZEOF_LONG_DOUBLE 16
| #define HAVE_UINT8_T 1
| #define HAVE_INT8_T 1
| #define HAVE_UINT16_T 1
| #define HAVE_INT16_T 1
| #define HAVE_UINT32_T 1
| #define HAVE_INT32_T 1
| #define HAVE_UINT64_T 1
| #define HAVE_INT64_T 1
| #define A_UINT32_T unsigned int
| #define A_INT32_T int
| #define A_UINT64_T unsigned long
| #define A_INT64_T long
| #define LAME_LIBRARY_BUILD 1
| /* end confdefs.h.  */
| #include <stddef.h>
| #ifdef HAVE_STDIO_H
| # include <stdio.h>
| #endif
| #ifdef HAVE_STDLIB_H
| # include <stdlib.h>
| #endif
| #ifdef HAVE_STRING_H
| # include <string.h>
| #endif
| #ifdef HAVE_INTTYPES_H
| # include <inttypes.h>
| #endif
| #ifdef HAVE_STDINT_H
| # include <stdint.h>
| #endif
| #ifdef HAVE_STRINGS_H
| # include <strings.h>
| #endif
| #ifdef HAVE_SYS_TYPES_H
| # include <sys/types.h>
| #endif
| #ifdef HAVE_SYS_STAT_H
| # include <sys/stat.h>
| #endif
| #ifdef HAVE_UNISTD_H
| # include <unistd.h>
| #endif
| int
| main (void)
| {
| if (sizeof ((size_t)))
| 	    return 0;
|   ;
|   return 0;
| }
configure:17065: result: yes
configure:17089: checking for working alloca.h
configure:17107: gcc -o conftest    conftest.c  >&5
configure:17107: $? = 0
configure:17118: result: yes
configure:17126: checking for alloca
configure:17171: result: yes
configure:17240: checking for gettimeofday
configure:17240: gcc -o conftest    conftest.c  >&5
configure:17240: $? = 0
configure:17240: result: yes
configure:17246: checking for strtol
configure:17246: gcc -o conftest    conftest.c  >&5
conftest.c:97:6: warning: incompatible redeclaration of library function 'strtol' [-Wincompatible-library-redeclaration]
char strtol (void);
     ^
conftest.c:97:6: note: 'strtol' is a builtin with type 'long (const char *, char **, int)'
1 warning generated.
configure:17246: $? = 0
configure:17246: result: yes
configure:17259: checking for socket
configure:17259: gcc -o conftest    conftest.c  >&5
configure:17259: $? = 0
configure:17259: result: yes
configure:17372: checking for termcap.h
configure:17372: gcc -c   conftest.c >&5
configure:17372: $? = 0
configure:17372: result: yes
configure:17379: checking for ncurses/termcap.h
configure:17379: gcc -c   conftest.c >&5
conftest.c:113:10: fatal error: 'ncurses/termcap.h' file not found
#include <ncurses/termcap.h>
         ^~~~~~~~~~~~~~~~~~~
1 error generated.
configure:17379: $? = 1
configure: failed program was:
| /* confdefs.h */
| #define PACKAGE_NAME "lame"
| #define PACKAGE_TARNAME "lame"
| #define PACKAGE_VERSION "4.0"
| #define PACKAGE_STRING "lame 4.0"
| #define PACKAGE_BUGREPORT "lame-dev@lists.sf.net"
| #define PACKAGE_URL ""
| #define HAVE_STDIO_H 1
| #define HAVE_STDLIB_H 1
| #define HAVE_STRING_H 1
| #define HAVE_INTTYPES_H 1
| #define HAVE_STDINT_H 1
| #define HAVE_STRINGS_H 1
| #define HAVE_SYS_STAT_H 1
| #define HAVE_SYS_TYPES_H 1
| #define HAVE_UNISTD_H 1
| #define HAVE_WCHAR_H 1
| #define HAVE_SYS_TIME_H 1
| #define STDC_HEADERS 1
| #define _ALL_SOURCE 1
| #define _COSMO_SOURCE 1
| #define _DARWIN_C_SOURCE 1
| #define _GNU_SOURCE 1
| #define _HPUX_ALT_XOPEN_SOCKET_API 1
| #define _NETBSD_SOURCE 1
| #define _OPENBSD_SOURCE 1
| #define _POSIX_PTHREAD_SEMANTICS 1
| #define __STDC_WANT_IEC_60559_ATTRIBS_EXT__ 1
| #define __STDC_WANT_IEC_60559_BFP_EXT__ 1
| #define __STDC_WANT_IEC_60559_DFP_EXT__ 1
| #define __STDC_WANT_IEC_60559_EXT__ 1
| #define __STDC_WANT_IEC_60559_FUNCS_EXT__ 1
| #define __STDC_WANT_IEC_60559_TYPES_EXT__ 1
| #define __STDC_WANT_LIB_EXT2__ 1
| #define __STDC_WANT_MATH_SPEC_FUNCS__ 1
| #define _TANDEM_SOURCE 1
| #define __EXTENSIONS__ 1
| #define PACKAGE "lame"
| #define VERSION "4.0"
| #define HAVE_DLFCN_H 1
| #define LT_OBJDIR ".libs/"
| #define HAVE_ERRNO_H 1
| #define HAVE_FCNTL_H 1
| #define HAVE_LIMITS_H 1
| #define HAVE_STDINT_H 1
| #define HAVE_STRING_H 1
| #define HAVE_SYS_TIME_H 1
| #define HAVE_UNISTD_H 1
| #define HAVE_XMMINTRIN_H 1
| #define SIZEOF_SHORT 2
| #define SIZEOF_UNSIGNED_SHORT 2
| #define SIZEOF_INT 4
| #define SIZEOF_UNSIGNED_INT 4
| #define SIZEOF_LONG 8
| #define SIZEOF_UNSIGNED_LONG 8
| #define SIZEOF_LONG_LONG 8
| #define SIZEOF_UNSIGNED_LONG_LONG 8
| #define SIZEOF_FLOAT 4
| #define SIZEOF_DOUBLE 8
| #define HAVE_LONG_DOUBLE_WIDER 1
| #define HAVE_LONG_DOUBLE 1
| #define SIZEOF_LONG_DOUBLE 16
| #define HAVE_UINT8_T 1
| #define HAVE_INT8_T 1
| #define HAVE_UINT16_T 1
| #define HAVE_INT16_T 1
| #define HAVE_UINT32_T 1
| #define HAVE_INT32_T 1
| #define HAVE_UINT64_T 1
| #define HAVE_INT64_T 1
| #define A_UINT32_T unsigned int
| #define A_INT32_T int
| #define A_UINT64_T unsigned long
| #define A_INT64_T long
| #define LAME_LIBRARY_BUILD 1
| #define TIME_WITH_SYS_TIME 1
| #define HAVE_ALLOCA_H 1
| #define HAVE_ALLOCA 1
| #define HAVE_GETTIMEOFDAY 1
| #define HAVE_STRTOL 1
| #define HAVE_SOCKET 1
| #define TAKEHIRO_IEEE754_HACK 0
| #define HAVE_TERMCAP_H 1
| /* end confdefs.h.  */
| #include <stddef.h>
| #ifdef HAVE_STDIO_H
| # include <stdio.h>
| #endif
| #ifdef HAVE_STDLIB_H
| # include <stdlib.h>
| #endif
| #ifdef HAVE_STRING_H
| # include <string.h>
| #endif
| #ifdef HAVE_INTTYPES_H
| # include <inttypes.h>
| #endif
| #ifdef HAVE_STDINT_H
| # include <stdint.h>
| #endif
| #ifdef HAVE_STRINGS_H
| # include <strings.h>
| #endif
| #ifdef HAVE_SYS_TYPES_H
| # include <sys/types.h>
| #endif
| #ifdef HAVE_SYS_STAT_H
| # include <sys/stat.h>
| #endif
| #ifdef HAVE_UNISTD_H
| # include <unistd.h>
| #endif
| #include <ncurses/termcap.h>
configure:17379: result: no
configure:17386: checking for initscr in -ltermcap
configure:17415: gcc -o conftest    conftest.c -ltermcap   >&5
configure:17415: $? = 0
configure:17427: result: yes
configure:17434: checking for initscr in -lcurses
configure:17463: gcc -o conftest    conftest.c -lcurses   >&5
configure:17463: $? = 0
configure:17475: result: yes
configure:17482: checking for initscr in -lncurses
configure:17511: gcc -o conftest    conftest.c -lncurses   >&5
configure:17511: $? = 0
configure:17523: result: yes
configure:17532: checking for langinfo.h
configure:17532: gcc -c   conftest.c >&5
configure:17532: $? = 0
configure:17532: result: yes
configure:17536: checking for nl_langinfo
configure:17536: gcc -o conftest    conftest.c  >&5
configure:17536: $? = 0
configure:17536: result: yes
configure:17588: checking for ld
configure:17721: result: /Applications/Xcode.app/Contents/Developer/Toolchains/XcodeDefault.xctoolchain/usr/bin/ld
configure:17728: checking if the linker (/Applications/Xcode.app/Contents/Developer/Toolchains/XcodeDefault.xctoolchain/usr/bin/ld) is GNU ld
configure:17745: result: no
configure:17753: checking for shared library run path origin
configure:17768: result: done
configure:17791: checking 32-bit host C ABI
configure:17844: gcc -c   conftest.c >&5
configure:17844: $? = 0
configure:17858: result: no
configure:17868: checking how to run the C preprocessor
configure:17894: gcc -E  conftest.c
configure:17894: $? = 0
configure:17910: gcc -E  conftest.c
conftest.c:87:10: fatal error: 'ac_nonexistent.h' file not found
#include <ac_nonexistent.h>
         ^~~~~~~~~~~~~~~~~~
1 error generated.
configure:17910: $? = 1
configure: failed program was:
| /* confdefs.h */
| #define PACKAGE_NAME "lame"
| #define PACKAGE_TARNAME "lame"
| #define PACKAGE_VERSION "4.0"
| #define PACKAGE_STRING "lame 4.0"
| #define PACKAGE_BUGREPORT "lame-dev@lists.sf.net"
| #define PACKAGE_URL ""
| #define HAVE_STDIO_H 1
| #define HAVE_STDLIB_H 1
| #define HAVE_STRING_H 1
| #define HAVE_INTTYPES_H 1
| #define HAVE_STDINT_H 1
| #define HAVE_STRINGS_H 1
| #define HAVE_SYS_STAT_H 1
| #define HAVE_SYS_TYPES_H 1
| #define HAVE_UNISTD_H 1
| #define HAVE_WCHAR_H 1
| #define HAVE_SYS_TIME_H 1
| #define STDC_HEADERS 1
| #define _ALL_SOURCE 1
| #define _COSMO_SOURCE 1
| #define _DARWIN_C_SOURCE 1
| #define _GNU_SOURCE 1
| #define _HPUX_ALT_XOPEN_SOCKET_API 1
| #define _NETBSD_SOURCE 1
| #define _OPENBSD_SOURCE 1
| #define _POSIX_PTHREAD_SEMANTICS 1
| #define __STDC_WANT_IEC_60559_ATTRIBS_EXT__ 1
| #define __STDC_WANT_IEC_60559_BFP_EXT__ 1
| #define __STDC_WANT_IEC_60559_DFP_EXT__ 1
| #define __STDC_WANT_IEC_60559_EXT__ 1
| #define __STDC_WANT_IEC_60559_FUNCS_EXT__ 1
| #define __STDC_WANT_IEC_60559_TYPES_EXT__ 1
| #define __STDC_WANT_LIB_EXT2__ 1
| #define __STDC_WANT_MATH_SPEC_FUNCS__ 1
| #define _TANDEM_SOURCE 1
| #define __EXTENSIONS__ 1
| #define PACKAGE "lame"
| #define VERSION "4.0"
| #define HAVE_DLFCN_H 1
| #define LT_OBJDIR ".libs/"
| #define HAVE_ERRNO_H 1
| #define HAVE_FCNTL_H 1
| #define HAVE_LIMITS_H 1
| #define HAVE_STDINT_H 1
| #define HAVE_STRING_H 1
| #define HAVE_SYS_TIME_H 1
| #define HAVE_UNISTD_H 1
| #define HAVE_XMMINTRIN_H 1
| #define SIZEOF_SHORT 2
| #define SIZEOF_UNSIGNED_SHORT 2
| #define SIZEOF_INT 4
| #define SIZEOF_UNSIGNED_INT 4
| #define SIZEOF_LONG 8
| #define SIZEOF_UNSIGNED_LONG 8
| #define SIZEOF_LONG_LONG 8
| #define SIZEOF_UNSIGNED_LONG_LONG 8
| #define SIZEOF_FLOAT 4
| #define SIZEOF_DOUBLE 8
| #define HAVE_LONG_DOUBLE_WIDER 1
| #define HAVE_LONG_DOUBLE 1
| #define SIZEOF_LONG_DOUBLE 16
| #define HAVE_UINT8_T 1
| #define HAVE_INT8_T 1
| #define HAVE_UINT16_T 1
| #define HAVE_INT16_T 1
| #define HAVE_UINT32_T 1
| #define HAVE_INT32_T 1
| #define HAVE_UINT64_T 1
| #define HAVE_INT64_T 1
| #define A_UINT32_T unsigned int
| #define A_INT32_T int
| #define A_UINT64_T unsigned long
| #define A_INT64_T long
| #define LAME_LIBRARY_BUILD 1
| #define TIME_WITH_SYS_TIME 1
| #define HAVE_ALLOCA_H 1
| #define HAVE_ALLOCA 1
| #define HAVE_GETTIMEOFDAY 1
| #define HAVE_STRTOL 1
| #define HAVE_SOCKET 1
| #define TAKEHIRO_IEEE754_HACK 0
| #define HAVE_TERMCAP_H 1
| #define HAVE_LANGINFO_H 1
| #define HAVE_NL_LANGINFO 1
| /* end confdefs.h.  */
| #include <ac_nonexistent.h>
configure:17939: result: gcc -E
configure:17953: gcc -E  conftest.c
configure:17953: $? = 0
configure:17969: gcc -E  conftest.c
conftest.c:87:10: fatal error: 'ac_nonexistent.h' file not found
#include <ac_nonexistent.h>
         ^~~~~~~~~~~~~~~~~~
1 error generated.
configure:17969: $? = 1
configure: failed program was:
| /* confdefs.h */
| #define PACKAGE_NAME "lame"
| #define PACKAGE_TARNAME "lame"
| #define PACKAGE_VERSION "4.0"
| #define PACKAGE_STRING "lame 4.0"
| #define PACKAGE_BUGREPORT "lame-dev@lists.sf.net"
| #define PACKAGE_URL ""
| #define HAVE_STDIO_H 1
| #define HAVE_STDLIB_H 1
| #define HAVE_STRING_H 1
| #define HAVE_INTTYPES_H 1
| #define HAVE_STDINT_H 1
| #define HAVE_STRINGS_H 1
| #define HAVE_SYS_STAT_H 1
| #define HAVE_SYS_TYPES_H 1
| #define HAVE_UNISTD_H 1
| #define HAVE_WCHAR_H 1
| #define HAVE_SYS_TIME_H 1
| #define STDC_HEADERS 1
| #define _ALL_SOURCE 1
| #define _COSMO_SOURCE 1
| #define _DARWIN_C_SOURCE 1
| #define _GNU_SOURCE 1
| #define _HPUX_ALT_XOPEN_SOCKET_API 1
| #define _NETBSD_SOURCE 1
| #define _OPENBSD_SOURCE 1
| #define _POSIX_PTHREAD_SEMANTICS 1
| #define __STDC_WANT_IEC_60559_ATTRIBS_EXT__ 1
| #define __STDC_WANT_IEC_60559_BFP_EXT__ 1
| #define __STDC_WANT_IEC_60559_DFP_EXT__ 1
| #define __STDC_WANT_IEC_60559_EXT__ 1
| #define __STDC_WANT_IEC_60559_FUNCS_EXT__ 1
| #define __STDC_WANT_IEC_60559_TYPES_EXT__ 1
| #define __STDC_WANT_LIB_EXT2__ 1
| #define __STDC_WANT_MATH_SPEC_FUNCS__ 1
| #define _TANDEM_SOURCE 1
| #define __EXTENSIONS__ 1
| #define PACKAGE "lame"
| #define VERSION "4.0"
| #define HAVE_DLFCN_H 1
| #define LT_OBJDIR ".libs/"
| #define HAVE_ERRNO_H 1
| #define HAVE_FCNTL_H 1
| #define HAVE_LIMITS_H 1
| #define HAVE_STDINT_H 1
| #define HAVE_STRING_H 1
| #define HAVE_SYS_TIME_H 1
| #define HAVE_UNISTD_H 1
| #define HAVE_XMMINTRIN_H 1
| #define SIZEOF_SHORT 2
| #define SIZEOF_UNSIGNED_SHORT 2
| #define SIZEOF_INT 4
| #define SIZEOF_UNSIGNED_INT 4
| #define SIZEOF_LONG 8
| #define SIZEOF_UNSIGNED_LONG 8
| #define SIZEOF_LONG_LONG 8
| #define SIZEOF_UNSIGNED_LONG_LONG 8
| #define SIZEOF_FLOAT 4
| #define SIZEOF_DOUBLE 8
| #define HAVE_LONG_DOUBLE_WIDER 1
| #define HAVE_LONG_DOUBLE 1
| #define SIZEOF_LONG_DOUBLE 16
| #define HAVE_UINT8_T 1
| #define HAVE_INT8_T 1
| #define HAVE_UINT16_T 1
| #define HAVE_INT16_T 1
| #define HAVE_UINT32_T 1
| #define HAVE_INT32_T 1
| #define HAVE_UINT64_T 1
| #define HAVE_INT64_T 1
| #define A_UINT32_T unsigned int
| #define A_INT32_T int
| #define A_UINT64_T unsigned long
| #define A_INT64_T long
| #define LAME_LIBRARY_BUILD 1
| #define TIME_WITH_SYS_TIME 1
| #define HAVE_ALLOCA_H 1
| #define HAVE_ALLOCA 1
| #define HAVE_GETTIMEOFDAY 1
| #define HAVE_STRTOL 1
| #define HAVE_SOCKET 1
| #define TAKEHIRO_IEEE754_HACK 0
| #define HAVE_TERMCAP_H 1
| #define HAVE_LANGINFO_H 1
| #define HAVE_NL_LANGINFO 1
| /* end confdefs.h.  */
| #include <ac_nonexistent.h>
configure:18002: checking for egrep -e
configure:18132: result: /usr/bin/grep -E
configure:18140: checking for ELF binary format
configure:18166: result: no
configure:18218: checking for the common suffixes of directories in the library search path
configure:18295: result: lib,lib,lib
configure:18827: checking for iconv
configure:18852: gcc -o conftest    conftest.c  >&5
Undefined symbols for architecture x86_64:
  "_iconv", referenced from:
      _main in conftest-c32363.o
  "_iconv_close", referenced from:
      _main in conftest-c32363.o
  "_iconv_open", referenced from:
      _main in conftest-c32363.o
ld: symbol(s) not found for architecture x86_64
clang: error: linker command failed with exit code 1 (use -v to see invocation)
configure:18852: $? = 1
configure: failed program was:
| /* confdefs.h */
| #define PACKAGE_NAME "lame"
| #define PACKAGE_TARNAME "lame"
| #define PACKAGE_VERSION "4.0"
| #define PACKAGE_STRING "lame 4.0"
| #define PACKAGE_BUGREPORT "lame-dev@lists.sf.net"
| #define PACKAGE_URL ""
| #define HAVE_STDIO_H 1
| #define HAVE_STDLIB_H 1
| #define HAVE_STRING_H 1
| #define HAVE_INTTYPES_H 1
| #define HAVE_STDINT_H 1
| #define HAVE_STRINGS_H 1
| #define HAVE_SYS_STAT_H 1
| #define HAVE_SYS_TYPES_H 1
| #define HAVE_UNISTD_H 1
| #define HAVE_WCHAR_H 1
| #define HAVE_SYS_TIME_H 1
| #define STDC_HEADERS 1
| #define _ALL_SOURCE 1
| #define _COSMO_SOURCE 1
| #define _DARWIN_C_SOURCE 1
| #define _GNU_SOURCE 1
| #define _HPUX_ALT_XOPEN_SOCKET_API 1
| #define _NETBSD_SOURCE 1
| #define _OPENBSD_SOURCE 1
| #define _POSIX_PTHREAD_SEMANTICS 1
| #define __STDC_WANT_IEC_60559_ATTRIBS_EXT__ 1
| #define __STDC_WANT_IEC_60559_BFP_EXT__ 1
| #define __STDC_WANT_IEC_60559_DFP_EXT__ 1
| #define __STDC_WANT_IEC_60559_EXT__ 1
| #define __STDC_WANT_IEC_60559_FUNCS_EXT__ 1
| #define __STDC_WANT_IEC_60559_TYPES_EXT__ 1
| #define __STDC_WANT_LIB_EXT2__ 1
| #define __STDC_WANT_MATH_SPEC_FUNCS__ 1
| #define _TANDEM_SOURCE 1
| #define __EXTENSIONS__ 1
| #define PACKAGE "lame"
| #define VERSION "4.0"
| #define HAVE_DLFCN_H 1
| #define LT_OBJDIR ".libs/"
| #define HAVE_ERRNO_H 1
| #define HAVE_FCNTL_H 1
| #define HAVE_LIMITS_H 1
| #define HAVE_STDINT_H 1
| #define HAVE_STRING_H 1
| #define HAVE_SYS_TIME_H 1
| #define HAVE_UNISTD_H 1
| #define HAVE_XMMINTRIN_H 1
| #define SIZEOF_SHORT 2
| #define SIZEOF_UNSIGNED_SHORT 2
| #define SIZEOF_INT 4
| #define SIZEOF_UNSIGNED_INT 4
| #define SIZEOF_LONG 8
| #define SIZEOF_UNSIGNED_LONG 8
| #define SIZEOF_LONG_LONG 8
| #define SIZEOF_UNSIGNED_LONG_LONG 8
| #define SIZEOF_FLOAT 4
| #define SIZEOF_DOUBLE 8
| #define HAVE_LONG_DOUBLE_WIDER 1
| #define HAVE_LONG_DOUBLE 1
| #define SIZEOF_LONG_DOUBLE 16
| #define HAVE_UINT8_T 1
| #define HAVE_INT8_T 1
| #define HAVE_UINT16_T 1
| #define HAVE_INT16_T 1
| #define HAVE_UINT32_T 1
| #define HAVE_INT32_T 1
| #define HAVE_UINT64_T 1
| #define HAVE_INT64_T 1
| #define A_UINT32_T unsigned int
| #define A_INT32_T int
| #define A_UINT64_T unsigned long
| #define A_INT64_T long
| #define LAME_LIBRARY_BUILD 1
| #define TIME_WITH_SYS_TIME 1
| #define HAVE_ALLOCA_H 1
| #define HAVE_ALLOCA 1
| #define HAVE_GETTIMEOFDAY 1
| #define HAVE_STRTOL 1
| #define HAVE_SOCKET 1
| #define TAKEHIRO_IEEE754_HACK 0
| #define HAVE_TERMCAP_H 1
| #define HAVE_LANGINFO_H 1
| #define HAVE_NL_LANGINFO 1
| /* end confdefs.h.  */
| 
| #include <stdlib.h>
| #include <iconv.h>
| 
| int
| main (void)
| {
| iconv_t cd = iconv_open("","");
|            iconv(cd,NULL,NULL,NULL,NULL);
|            iconv_close(cd);
|   ;
|   return 0;
| }
configure:18877: gcc -o conftest    conftest.c  -liconv >&5
configure:18877: $? = 0
configure:18889: result: yes
configure:18892: checking for working iconv
configure:19065: gcc -o conftest    conftest.c  -liconv >&5
configure:19065: $? = 0
configure:19065: ./conftest
configure:19065: $? = 2
configure: program exited with status 2
configure: failed program was:
| /* confdefs.h */
| #define PACKAGE_NAME "lame"
| #define PACKAGE_TARNAME "lame"
| #define PACKAGE_VERSION "4.0"
| #define PACKAGE_STRING "lame 4.0"
| #define PACKAGE_BUGREPORT "lame-dev@lists.sf.net"
| #define PACKAGE_URL ""
| #define HAVE_STDIO_H 1
| #define HAVE_STDLIB_H 1
| #define HAVE_STRING_H 1
| #define HAVE_INTTYPES_H 1
| #define HAVE_STDINT_H 1
| #define HAVE_STRINGS_H 1
| #define HAVE_SYS_STAT_H 1
| #define HAVE_SYS_TYPES_H 1
| #define HAVE_UNISTD_H 1
| #define HAVE_WCHAR_H 1
| #define HAVE_SYS_TIME_H 1
| #define STDC_HEADERS 1
| #define _ALL_SOURCE 1
| #define _COSMO_SOURCE 1
| #define _DARWIN_C_SOURCE 1
| #define _GNU_SOURCE 1
| #define _HPUX_ALT_XOPEN_SOCKET_API 1
| #define _NETBSD_SOURCE 1
| #define _OPENBSD_SOURCE 1
| #define _POSIX_PTHREAD_SEMANTICS 1
| #define __STDC_WANT_IEC_60559_ATTRIBS_EXT__ 1
| #define __STDC_WANT_IEC_60559_BFP_EXT__ 1
| #define __STDC_WANT_IEC_60559_DFP_EXT__ 1
| #define __STDC_WANT_IEC_60559_EXT__ 1
| #define __STDC_WANT_IEC_60559_FUNCS_EXT__ 1
| #define __STDC_WANT_IEC_60559_TYPES_EXT__ 1
| #define __STDC_WANT_LIB_EXT2__ 1
| #define __STDC_WANT_MATH_SPEC_FUNCS__ 1
| #define _TANDEM_SOURCE 1
| #define __EXTENSIONS__ 1
| #define PACKAGE "lame"
| #define VERSION "4.0"
| #define HAVE_DLFCN_H 1
| #define LT_OBJDIR ".libs/"
| #define HAVE_ERRNO_H 1
| #define HAVE_FCNTL_H 1
| #define HAVE_LIMITS_H 1
| #define HAVE_STDINT_H 1
| #define HAVE_STRING_H 1
| #define HAVE_SYS_TIME_H 1
| #define HAVE_UNISTD_H 1
| #define HAVE_XMMINTRIN_H 1
| #define SIZEOF_SHORT 2
| #define SIZEOF_UNSIGNED_SHORT 2
| #define SIZEOF_INT 4
| #define SIZEOF_UNSIGNED_INT 4
| #define SIZEOF_LONG 8
| #define SIZEOF_UNSIGNED_LONG 8
| #define SIZEOF_LONG_LONG 8
| #define SIZEOF_UNSIGNED_LONG_LONG 8
| #define SIZEOF_FLOAT 4
| #define SIZEOF_DOUBLE 8
| #define HAVE_LONG_DOUBLE_WIDER 1
| #define HAVE_LONG_DOUBLE 1
| #define SIZEOF_LONG_DOUBLE 16
| #define HAVE_UINT8_T 1
| #define HAVE_INT8_T 1
| #define HAVE_UINT16_T 1
| #define HAVE_INT16_T 1
| #define HAVE_UINT32_T 1
| #define HAVE_INT32_T 1
| #define HAVE_UINT64_T 1
| #define HAVE_INT64_T 1
| #define A_UINT32_T unsigned int
| #define A_INT32_T int
| #define A_UINT64_T unsigned long
| #define A_INT64_T long
| #define LAME_LIBRARY_BUILD 1
| #define TIME_WITH_SYS_TIME 1
| #define HAVE_ALLOCA_H 1
| #define HAVE_ALLOCA 1
| #define HAVE_GETTIMEOFDAY 1
| #define HAVE_STRTOL 1
| #define HAVE_SOCKET 1
| #define TAKEHIRO_IEEE754_HACK 0
| #define HAVE_TERMCAP_H 1
| #define HAVE_LANGINFO_H 1
| #define HAVE_NL_LANGINFO 1
| /* end confdefs.h.  */
| 
| #include <iconv.h>
| #include <string.h>
| 
| #ifndef ICONV_CONST
| # define ICONV_CONST 
| #endif
| 
| int
| main (void)
| {
| int result = 0;
|   /* Test against AIX 5.1...7.2 bug: Failures are not distinguishable from
|      successful returns.  This is even documented in
|      <https://www.ibm.com/support/knowledgecenter/ssw_aix_72/i_bostechref/iconv.html> */
|   {
|     iconv_t cd_utf8_to_88591 = iconv_open ("ISO8859-1", "UTF-8");
|     if (cd_utf8_to_88591 != (iconv_t)(-1))
|       {
|         static ICONV_CONST char input[] = "\342\202\254"; /* EURO SIGN */
|         char buf[10];
|         ICONV_CONST char *inptr = input;
|         size_t inbytesleft = strlen (input);
|         char *outptr = buf;
|         size_t outbytesleft = sizeof (buf);
|         size_t res = iconv (cd_utf8_to_88591,
|                             &inptr, &inbytesleft,
|                             &outptr, &outbytesleft);
|         if (res == 0)
|           result |= 1;
|         iconv_close (cd_utf8_to_88591);
|       }
|   }
|   /* Test against macOS 14.4 bug: Failures are not distinguishable from
|      successful returns.
|      POSIX:2018 says: "The iconv() function shall ... return the number of
|      non-identical conversions performed."
|      But here, the conversion always does transliteration (the suffixes
|      "//TRANSLIT" and "//IGNORE" have no effect, nor does iconvctl()) and
|      does not report when it does a non-identical conversion.  */
|   {
|     iconv_t cd_utf8_to_88591 = iconv_open ("ISO-8859-1", "UTF-8");
|     if (cd_utf8_to_88591 != (iconv_t)(-1))
|       {
|         static ICONV_CONST char input[] = "\305\202"; /* LATIN SMALL LETTER L WITH STROKE */
|         char buf[10];
|         ICONV_CONST char *inptr = input;
|         size_t inbytesleft = strlen (input);
|         char *outptr = buf;
|         size_t outbytesleft = sizeof (buf);
|         size_t res = iconv (cd_utf8_to_88591,
|                             &inptr, &inbytesleft,
|                             &outptr, &outbytesleft);
|         /* Here:
|            With glibc, GNU libiconv (including macOS up to 13): res == (size_t)-1, errno == EILSEQ.
|            With musl libc, NetBSD 10, Solaris 11: res == 1.
|            With macOS 14.4: res == 0, output is "l".  */
|         if (res == 0)
|           result |= 2;
|         iconv_close (cd_utf8_to_88591);
|       }
|   }
|   /* Test against Solaris 10 bug: Failures are not distinguishable from
|      successful returns.  */
|   {
|     iconv_t cd_ascii_to_88591 = iconv_open ("ISO8859-1", "646");
|     if (cd_ascii_to_88591 != (iconv_t)(-1))
|       {
|         static ICONV_CONST char input[] = "\263";
|         char buf[10];
|         ICONV_CONST char *inptr = input;
|         size_t inbytesleft = strlen (input);
|         char *outptr = buf;
|         size_t outbytesleft = sizeof (buf);
|         size_t res = iconv (cd_ascii_to_88591,
|                             &inptr, &inbytesleft,
|                             &outptr, &outbytesleft);
|         if (res == 0)
|           result |= 4;
|         iconv_close (cd_ascii_to_88591);
|       }
|   }
|   /* Test against AIX 6.1..7.1 bug: Buffer overrun.  */
|   {
|     iconv_t cd_88591_to_utf8 = iconv_open ("UTF-8", "ISO-8859-1");
|     if (cd_88591_to_utf8 != (iconv_t)(-1))
|       {
|         static ICONV_CONST char input[] = "\304";
|         static char buf[2] = { (char)0xDE, (char)0xAD };
|         ICONV_CONST char *inptr = input;
|         size_t inbytesleft = 1;
|         char *outptr = buf;
|         size_t outbytesleft = 1;
|         size_t res = iconv (cd_88591_to_utf8,
|                             &inptr, &inbytesleft,
|                             &outptr, &outbytesleft);
|         if (res != (size_t)(-1) || outptr - buf > 1 || buf[1] != (char)0xAD)
|           result |= 8;
|         iconv_close (cd_88591_to_utf8);
|       }
|   }
| #if 0 /* This bug could be worked around by the caller.  */
|   /* Test against HP-UX 11.11 bug: Positive return value instead of 0.  */
|   {
|     iconv_t cd_88591_to_utf8 = iconv_open ("utf8", "iso88591");
|     if (cd_88591_to_utf8 != (iconv_t)(-1))
|       {
|         static ICONV_CONST char input[] = "\304rger mit b\366sen B\374bchen ohne Augenma\337";
|         char buf[50];
|         ICONV_CONST char *inptr = input;
|         size_t inbytesleft = strlen (input);
|         char *outptr = buf;
|         size_t outbytesleft = sizeof (buf);
|         size_t res = iconv (cd_88591_to_utf8,
|                             &inptr, &inbytesleft,
|                             &outptr, &outbytesleft);
|         if ((int)res > 0)
|           result |= 16;
|         iconv_close (cd_88591_to_utf8);
|       }
|   }
| #endif
|   /* Test against HP-UX 11.11 bug: No converter from EUC-JP to UTF-8 is
|      provided.  */
|   {
|     /* Try standardized names.  */
|     iconv_t cd1 = iconv_open ("UTF-8", "EUC-JP");
|     /* Try IRIX, OSF/1 names.  */
|     iconv_t cd2 = iconv_open ("UTF-8", "eucJP");
|     /* Try AIX names.  */
|     iconv_t cd3 = iconv_open ("UTF-8", "IBM-eucJP");
|     /* Try HP-UX names.  */
|     iconv_t cd4 = iconv_open ("utf8", "eucJP");
|     if (cd1 == (iconv_t)(-1) && cd2 == (iconv_t)(-1)
|         && cd3 == (iconv_t)(-1) && cd4 == (iconv_t)(-1))
|       result |= 32;
|     if (cd1 != (iconv_t)(-1))
|       iconv_close (cd1);
|     if (cd2 != (iconv_t)(-1))
|       iconv_close (cd2);
|     if (cd3 != (iconv_t)(-1))
|       iconv_close (cd3);
|     if (cd4 != (iconv_t)(-1))
|       iconv_close (cd4);
|   }
|   return result;
| 
|   ;
|   return 0;
| }
configure:19065: gcc -o conftest    conftest.c  -liconv >&5
conftest.c:113:29: warning: passing 'const char **' to parameter of type 'char **' discards qualifiers in nested pointer types [-Wincompatible-pointer-types-discards-qualifiers]
                            &inptr, &inbytesleft,
                            ^~~~~~
/Applications/Xcode.app/Contents/Developer/Platforms/MacOSX.platform/Developer/SDKs/MacOSX.sdk/usr/include/iconv.h:71:41: note: passing argument to parameter here
size_t  iconv(iconv_t, char ** __restrict,
                                         ^
conftest.c:138:29: warning: passing 'const char **' to parameter of type 'char **' discards qualifiers in nested pointer types [-Wincompatible-pointer-types-discards-qualifiers]
                            &inptr, &inbytesleft,
                            ^~~~~~
/Applications/Xcode.app/Contents/Developer/Platforms/MacOSX.platform/Developer/SDKs/MacOSX.sdk/usr/include/iconv.h:71:41: note: passing argument to parameter here
size_t  iconv(iconv_t, char ** __restrict,
                                         ^
conftest.c:162:29: warning: passing 'const char **' to parameter of type 'char **' discards qualifiers in nested pointer types [-Wincompatible-pointer-types-discards-qualifiers]
                            &inptr, &inbytesleft,
                            ^~~~~~
/Applications/Xcode.app/Contents/Developer/Platforms/MacOSX.platform/Developer/SDKs/MacOSX.sdk/usr/include/iconv.h:71:41: note: passing argument to parameter here
size_t  iconv(iconv_t, char ** __restrict,
                                         ^
conftest.c:181:29: warning: passing 'const char **' to parameter of type 'char **' discards qualifiers in nested pointer types [-Wincompatible-pointer-types-discards-qualifiers]
                            &inptr, &inbytesleft,
                            ^~~~~~
/Applications/Xcode.app/Contents/Developer/Platforms/MacOSX.platform/Developer/SDKs/MacOSX.sdk/usr/include/iconv.h:71:41: note: passing argument to parameter here
size_t  iconv(iconv_t, char ** __restrict,
                                         ^
4 warnings generated.
configure:19065: $? = 0
configure:19065: ./conftest
configure:19065: $? = 2
configure: program exited with status 2
configure: failed program was:
| /* confdefs.h */
| #define PACKAGE_NAME "lame"
| #define PACKAGE_TARNAME "lame"
| #define PACKAGE_VERSION "4.0"
| #define PACKAGE_STRING "lame 4.0"
| #define PACKAGE_BUGREPORT "lame-dev@lists.sf.net"
| #define PACKAGE_URL ""
| #define HAVE_STDIO_H 1
| #define HAVE_STDLIB_H 1
| #define HAVE_STRING_H 1
| #define HAVE_INTTYPES_H 1
| #define HAVE_STDINT_H 1
| #define HAVE_STRINGS_H 1
| #define HAVE_SYS_STAT_H 1
| #define HAVE_SYS_TYPES_H 1
| #define HAVE_UNISTD_H 1
| #define HAVE_WCHAR_H 1
| #define HAVE_SYS_TIME_H 1
| #define STDC_HEADERS 1
| #define _ALL_SOURCE 1
| #define _COSMO_SOURCE 1
| #define _DARWIN_C_SOURCE 1
| #define _GNU_SOURCE 1
| #define _HPUX_ALT_XOPEN_SOCKET_API 1
| #define _NETBSD_SOURCE 1
| #define _OPENBSD_SOURCE 1
| #define _POSIX_PTHREAD_SEMANTICS 1
| #define __STDC_WANT_IEC_60559_ATTRIBS_EXT__ 1
| #define __STDC_WANT_IEC_60559_BFP_EXT__ 1
| #define __STDC_WANT_IEC_60559_DFP_EXT__ 1
| #define __STDC_WANT_IEC_60559_EXT__ 1
| #define __STDC_WANT_IEC_60559_FUNCS_EXT__ 1
| #define __STDC_WANT_IEC_60559_TYPES_EXT__ 1
| #define __STDC_WANT_LIB_EXT2__ 1
| #define __STDC_WANT_MATH_SPEC_FUNCS__ 1
| #define _TANDEM_SOURCE 1
| #define __EXTENSIONS__ 1
| #define PACKAGE "lame"
| #define VERSION "4.0"
| #define HAVE_DLFCN_H 1
| #define LT_OBJDIR ".libs/"
| #define HAVE_ERRNO_H 1
| #define HAVE_FCNTL_H 1
| #define HAVE_LIMITS_H 1
| #define HAVE_STDINT_H 1
| #define HAVE_STRING_H 1
| #define HAVE_SYS_TIME_H 1
| #define HAVE_UNISTD_H 1
| #define HAVE_XMMINTRIN_H 1
| #define SIZEOF_SHORT 2
| #define SIZEOF_UNSIGNED_SHORT 2
| #define SIZEOF_INT 4
| #define SIZEOF_UNSIGNED_INT 4
| #define SIZEOF_LONG 8
| #define SIZEOF_UNSIGNED_LONG 8
| #define SIZEOF_LONG_LONG 8
| #define SIZEOF_UNSIGNED_LONG_LONG 8
| #define SIZEOF_FLOAT 4
| #define SIZEOF_DOUBLE 8
| #define HAVE_LONG_DOUBLE_WIDER 1
| #define HAVE_LONG_DOUBLE 1
| #define SIZEOF_LONG_DOUBLE 16
| #define HAVE_UINT8_T 1
| #define HAVE_INT8_T 1
| #define HAVE_UINT16_T 1
| #define HAVE_INT16_T 1
| #define HAVE_UINT32_T 1
| #define HAVE_INT32_T 1
| #define HAVE_UINT64_T 1
| #define HAVE_INT64_T 1
| #define A_UINT32_T unsigned int
| #define A_INT32_T int
| #define A_UINT64_T unsigned long
| #define A_INT64_T long
| #define LAME_LIBRARY_BUILD 1
| #define TIME_WITH_SYS_TIME 1
| #define HAVE_ALLOCA_H 1
| #define HAVE_ALLOCA 1
| #define HAVE_GETTIMEOFDAY 1
| #define HAVE_STRTOL 1
| #define HAVE_SOCKET 1
| #define TAKEHIRO_IEEE754_HACK 0
| #define HAVE_TERMCAP_H 1
| #define HAVE_LANGINFO_H 1
| #define HAVE_NL_LANGINFO 1
| /* end confdefs.h.  */
| 
| #include <iconv.h>
| #include <string.h>
| 
| #ifndef ICONV_CONST
| # define ICONV_CONST const
| #endif
| 
| int
| main (void)
| {
| int result = 0;
|   /* Test against AIX 5.1...7.2 bug: Failures are not distinguishable from
|      successful returns.  This is even documented in
|      <https://www.ibm.com/support/knowledgecenter/ssw_aix_72/i_bostechref/iconv.html> */
|   {
|     iconv_t cd_utf8_to_88591 = iconv_open ("ISO8859-1", "UTF-8");
|     if (cd_utf8_to_88591 != (iconv_t)(-1))
|       {
|         static ICONV_CONST char input[] = "\342\202\254"; /* EURO SIGN */
|         char buf[10];
|         ICONV_CONST char *inptr = input;
|         size_t inbytesleft = strlen (input);
|         char *outptr = buf;
|         size_t outbytesleft = sizeof (buf);
|         size_t res = iconv (cd_utf8_to_88591,
|                             &inptr, &inbytesleft,
|                             &outptr, &outbytesleft);
|         if (res == 0)
|           result |= 1;
|         iconv_close (cd_utf8_to_88591);
|       }
|   }
|   /* Test against macOS 14.4 bug: Failures are not distinguishable from
|      successful returns.
|      POSIX:2018 says: "The iconv() function shall ... return the number of
|      non-identical conversions performed."
|      But here, the conversion always does transliteration (the suffixes
|      "//TRANSLIT" and "//IGNORE" have no effect, nor does iconvctl()) and
|      does not report when it does a non-identical conversion.  */
|   {
|     iconv_t cd_utf8_to_88591 = iconv_open ("ISO-8859-1", "UTF-8");
|     if (cd_utf8_to_88591 != (iconv_t)(-1))
|       {
|         static ICONV_CONST char input[] = "\305\202"; /* LATIN SMALL LETTER L WITH STROKE */
|         char buf[10];
|         ICONV_CONST char *inptr = input;
|         size_t inbytesleft = strlen (input);
|         char *outptr = buf;
|         size_t outbytesleft = sizeof (buf);
|         size_t res = iconv (cd_utf8_to_88591,
|                             &inptr, &inbytesleft,
|                             &outptr, &outbytesleft);
|         /* Here:
|            With glibc, GNU libiconv (including macOS up to 13): res == (size_t)-1, errno == EILSEQ.
|            With musl libc, NetBSD 10, Solaris 11: res == 1.
|            With macOS 14.4: res == 0, output is "l".  */
|         if (res == 0)
|           result |= 2;
|         iconv_close (cd_utf8_to_88591);
|       }
|   }
|   /* Test against Solaris 10 bug: Failures are not distinguishable from
|      successful returns.  */
|   {
|     iconv_t cd_ascii_to_88591 = iconv_open ("ISO8859-1", "646");
|     if (cd_ascii_to_88591 != (iconv_t)(-1))
|       {
|         static ICONV_CONST char input[] = "\263";
|         char buf[10];
|         ICONV_CONST char *inptr = input;
|         size_t inbytesleft = strlen (input);
|         char *outptr = buf;
|         size_t outbytesleft = sizeof (buf);
|         size_t res = iconv (cd_ascii_to_88591,
|                             &inptr, &inbytesleft,
|                             &outptr, &outbytesleft);
|         if (res == 0)
|           result |= 4;
|         iconv_close (cd_ascii_to_88591);
|       }
|   }
|   /* Test against AIX 6.1..7.1 bug: Buffer overrun.  */
|   {
|     iconv_t cd_88591_to_utf8 = iconv_open ("UTF-8", "ISO-8859-1");
|     if (cd_88591_to_utf8 != (iconv_t)(-1))
|       {
|         static ICONV_CONST char input[] = "\304";
|         static char buf[2] = { (char)0xDE, (char)0xAD };
|         ICONV_CONST char *inptr = input;
|         size_t inbytesleft = 1;
|         char *outptr = buf;
|         size_t outbytesleft = 1;
|         size_t res = iconv (cd_88591_to_utf8,
|                             &inptr, &inbytesleft,
|                             &outptr, &outbytesleft);
|         if (res != (size_t)(-1) || outptr - buf > 1 || buf[1] != (char)0xAD)
|           result |= 8;
|         iconv_close (cd_88591_to_utf8);
|       }
|   }
| #if 0 /* This bug could be worked around by the caller.  */
|   /* Test against HP-UX 11.11 bug: Positive return value instead of 0.  */
|   {
|     iconv_t cd_88591_to_utf8 = iconv_open ("utf8", "iso88591");
|     if (cd_88591_to_utf8 != (iconv_t)(-1))
|       {
|         static ICONV_CONST char input[] = "\304rger mit b\366sen B\374bchen ohne Augenma\337";
|         char buf[50];
|         ICONV_CONST char *inptr = input;
|         size_t inbytesleft = strlen (input);
|         char *outptr = buf;
|         size_t outbytesleft = sizeof (buf);
|         size_t res = iconv (cd_88591_to_utf8,
|                             &inptr, &inbytesleft,
|                             &outptr, &outbytesleft);
|         if ((int)res > 0)
|           result |= 16;
|         iconv_close (cd_88591_to_utf8);
|       }
|   }
| #endif
|   /* Test against HP-UX 11.11 bug: No converter from EUC-JP to UTF-8 is
|      provided.  */
|   {
|     /* Try standardized names.  */
|     iconv_t cd1 = iconv_open ("UTF-8", "EUC-JP");
|     /* Try IRIX, OSF/1 names.  */
|     iconv_t cd2 = iconv_open ("UTF-8", "eucJP");
|     /* Try AIX names.  */
|     iconv_t cd3 = iconv_open ("UTF-8", "IBM-eucJP");
|     /* Try HP-UX names.  */
|     iconv_t cd4 = iconv_open ("utf8", "eucJP");
|     if (cd1 == (iconv_t)(-1) && cd2 == (iconv_t)(-1)
|         && cd3 == (iconv_t)(-1) && cd4 == (iconv_t)(-1))
|       result |= 32;
|     if (cd1 != (iconv_t)(-1))
|       iconv_close (cd1);
|     if (cd2 != (iconv_t)(-1))
|       iconv_close (cd2);
|     if (cd3 != (iconv_t)(-1))
|       iconv_close (cd3);
|     if (cd4 != (iconv_t)(-1))
|       iconv_close (cd4);
|   }
|   return result;
| 
|   ;
|   return 0;
| }
configure:19080: result: no
configure:19108: checking whether iconv is compatible with its POSIX signature
configure:19133: gcc -c   conftest.c >&5
configure:19133: $? = 0
configure:19144: result: yes
configure:19174: checking for cos in -lm
configure:19203: gcc -o conftest    conftest.c -lm   >&5
conftest.c:98:6: warning: incompatible redeclaration of library function 'cos' [-Wincompatible-library-redeclaration]
char cos (void);
     ^
conftest.c:98:6: note: 'cos' is a builtin with type 'double (double)'
1 warning generated.
configure:19203: $? = 0
configure:19215: result: yes
configure:19222: checking for cos in -lffm
configure:19251: gcc -o conftest    conftest.c -lffm   >&5
conftest.c:98:6: warning: incompatible redeclaration of library function 'cos' [-Wincompatible-library-redeclaration]
char cos (void);
     ^
conftest.c:98:6: note: 'cos' is a builtin with type 'double (double)'
1 warning generated.
ld: library 'ffm' not found
clang: error: linker command failed with exit code 1 (use -v to see invocation)
configure:19251: $? = 1
configure: failed program was:
| /* confdefs.h */
| #define PACKAGE_NAME "lame"
| #define PACKAGE_TARNAME "lame"
| #define PACKAGE_VERSION "4.0"
| #define PACKAGE_STRING "lame 4.0"
| #define PACKAGE_BUGREPORT "lame-dev@lists.sf.net"
| #define PACKAGE_URL ""
| #define HAVE_STDIO_H 1
| #define HAVE_STDLIB_H 1
| #define HAVE_STRING_H 1
| #define HAVE_INTTYPES_H 1
| #define HAVE_STDINT_H 1
| #define HAVE_STRINGS_H 1
| #define HAVE_SYS_STAT_H 1
| #define HAVE_SYS_TYPES_H 1
| #define HAVE_UNISTD_H 1
| #define HAVE_WCHAR_H 1
| #define HAVE_SYS_TIME_H 1
| #define STDC_HEADERS 1
| #define _ALL_SOURCE 1
| #define _COSMO_SOURCE 1
| #define _DARWIN_C_SOURCE 1
| #define _GNU_SOURCE 1
| #define _HPUX_ALT_XOPEN_SOCKET_API 1
| #define _NETBSD_SOURCE 1
| #define _OPENBSD_SOURCE 1
| #define _POSIX_PTHREAD_SEMANTICS 1
| #define __STDC_WANT_IEC_60559_ATTRIBS_EXT__ 1
| #define __STDC_WANT_IEC_60559_BFP_EXT__ 1
| #define __STDC_WANT_IEC_60559_DFP_EXT__ 1
| #define __STDC_WANT_IEC_60559_EXT__ 1
| #define __STDC_WANT_IEC_60559_FUNCS_EXT__ 1
| #define __STDC_WANT_IEC_60559_TYPES_EXT__ 1
| #define __STDC_WANT_LIB_EXT2__ 1
| #define __STDC_WANT_MATH_SPEC_FUNCS__ 1
| #define _TANDEM_SOURCE 1
| #define __EXTENSIONS__ 1
| #define PACKAGE "lame"
| #define VERSION "4.0"
| #define HAVE_DLFCN_H 1
| #define LT_OBJDIR ".libs/"
| #define HAVE_ERRNO_H 1
| #define HAVE_FCNTL_H 1
| #define HAVE_LIMITS_H 1
| #define HAVE_STDINT_H 1
| #define HAVE_STRING_H 1
| #define HAVE_SYS_TIME_H 1
| #define HAVE_UNISTD_H 1
| #define HAVE_XMMINTRIN_H 1
| #define SIZEOF_SHORT 2
| #define SIZEOF_UNSIGNED_SHORT 2
| #define SIZEOF_INT 4
| #define SIZEOF_UNSIGNED_INT 4
| #define SIZEOF_LONG 8
| #define SIZEOF_UNSIGNED_LONG 8
| #define SIZEOF_LONG_LONG 8
| #define SIZEOF_UNSIGNED_LONG_LONG 8
| #define SIZEOF_FLOAT 4
| #define SIZEOF_DOUBLE 8
| #define HAVE_LONG_DOUBLE_WIDER 1
| #define HAVE_LONG_DOUBLE 1
| #define SIZEOF_LONG_DOUBLE 16
| #define HAVE_UINT8_T 1
| #define HAVE_INT8_T 1
| #define HAVE_UINT16_T 1
| #define HAVE_INT16_T 1
| #define HAVE_UINT32_T 1
| #define HAVE_INT32_T 1
| #define HAVE_UINT64_T 1
| #define HAVE_INT64_T 1
| #define A_UINT32_T unsigned int
| #define A_INT32_T int
| #define A_UINT64_T unsigned long
| #define A_INT64_T long
| #define LAME_LIBRARY_BUILD 1
| #define TIME_WITH_SYS_TIME 1
| #define HAVE_ALLOCA_H 1
| #define HAVE_ALLOCA 1
| #define HAVE_GETTIMEOFDAY 1
| #define HAVE_STRTOL 1
| #define HAVE_SOCKET 1
| #define TAKEHIRO_IEEE754_HACK 0
| #define HAVE_TERMCAP_H 1
| #define HAVE_LANGINFO_H 1
| #define HAVE_NL_LANGINFO 1
| #define ICONV_CONST 
| /* end confdefs.h.  */
| 
| /* Override any GCC internal prototype to avoid an error.
|    Use char because int might match the return type of a GCC
|    builtin and then its argument prototype would still apply.
|    The 'extern "C"' is for builds by C++ compilers;
|    although this is not generally supported in C code supporting it here
|    has little cost and some practical benefit (sr 110532).  */
| #ifdef __cplusplus
| extern "C"
| #endif
| char cos (void);
| int
| main (void)
| {
| return cos ();
|   ;
|   return 0;
| }
configure:19263: result: no
configure:19280: checking for cos in -lcpml
configure:19309: gcc -o conftest    conftest.c -lcpml   >&5
conftest.c:98:6: warning: incompatible redeclaration of library function 'cos' [-Wincompatible-library-redeclaration]
char cos (void);
     ^
conftest.c:98:6: note: 'cos' is a builtin with type 'double (double)'
1 warning generated.
ld: library 'cpml' not found
clang: error: linker command failed with exit code 1 (use -v to see invocation)
configure:19309: $? = 1
configure: failed program was:
| /* confdefs.h */
| #define PACKAGE_NAME "lame"
| #define PACKAGE_TARNAME "lame"
| #define PACKAGE_VERSION "4.0"
| #define PACKAGE_STRING "lame 4.0"
| #define PACKAGE_BUGREPORT "lame-dev@lists.sf.net"
| #define PACKAGE_URL ""
| #define HAVE_STDIO_H 1
| #define HAVE_STDLIB_H 1
| #define HAVE_STRING_H 1
| #define HAVE_INTTYPES_H 1
| #define HAVE_STDINT_H 1
| #define HAVE_STRINGS_H 1
| #define HAVE_SYS_STAT_H 1
| #define HAVE_SYS_TYPES_H 1
| #define HAVE_UNISTD_H 1
| #define HAVE_WCHAR_H 1
| #define HAVE_SYS_TIME_H 1
| #define STDC_HEADERS 1
| #define _ALL_SOURCE 1
| #define _COSMO_SOURCE 1
| #define _DARWIN_C_SOURCE 1
| #define _GNU_SOURCE 1
| #define _HPUX_ALT_XOPEN_SOCKET_API 1
| #define _NETBSD_SOURCE 1
| #define _OPENBSD_SOURCE 1
| #define _POSIX_PTHREAD_SEMANTICS 1
| #define __STDC_WANT_IEC_60559_ATTRIBS_EXT__ 1
| #define __STDC_WANT_IEC_60559_BFP_EXT__ 1
| #define __STDC_WANT_IEC_60559_DFP_EXT__ 1
| #define __STDC_WANT_IEC_60559_EXT__ 1
| #define __STDC_WANT_IEC_60559_FUNCS_EXT__ 1
| #define __STDC_WANT_IEC_60559_TYPES_EXT__ 1
| #define __STDC_WANT_LIB_EXT2__ 1
| #define __STDC_WANT_MATH_SPEC_FUNCS__ 1
| #define _TANDEM_SOURCE 1
| #define __EXTENSIONS__ 1
| #define PACKAGE "lame"
| #define VERSION "4.0"
| #define HAVE_DLFCN_H 1
| #define LT_OBJDIR ".libs/"
| #define HAVE_ERRNO_H 1
| #define HAVE_FCNTL_H 1
| #define HAVE_LIMITS_H 1
| #define HAVE_STDINT_H 1
| #define HAVE_STRING_H 1
| #define HAVE_SYS_TIME_H 1
| #define HAVE_UNISTD_H 1
| #define HAVE_XMMINTRIN_H 1
| #define SIZEOF_SHORT 2
| #define SIZEOF_UNSIGNED_SHORT 2
| #define SIZEOF_INT 4
| #define SIZEOF_UNSIGNED_INT 4
| #define SIZEOF_LONG 8
| #define SIZEOF_UNSIGNED_LONG 8
| #define SIZEOF_LONG_LONG 8
| #define SIZEOF_UNSIGNED_LONG_LONG 8
| #define SIZEOF_FLOAT 4
| #define SIZEOF_DOUBLE 8
| #define HAVE_LONG_DOUBLE_WIDER 1
| #define HAVE_LONG_DOUBLE 1
| #define SIZEOF_LONG_DOUBLE 16
| #define HAVE_UINT8_T 1
| #define HAVE_INT8_T 1
| #define HAVE_UINT16_T 1
| #define HAVE_INT16_T 1
| #define HAVE_UINT32_T 1
| #define HAVE_INT32_T 1
| #define HAVE_UINT64_T 1
| #define HAVE_INT64_T 1
| #define A_UINT32_T unsigned int
| #define A_INT32_T int
| #define A_UINT64_T unsigned long
| #define A_INT64_T long
| #define LAME_LIBRARY_BUILD 1
| #define TIME_WITH_SYS_TIME 1
| #define HAVE_ALLOCA_H 1
| #define HAVE_ALLOCA 1
| #define HAVE_GETTIMEOFDAY 1
| #define HAVE_STRTOL 1
| #define HAVE_SOCKET 1
| #define TAKEHIRO_IEEE754_HACK 0
| #define HAVE_TERMCAP_H 1
| #define HAVE_LANGINFO_H 1
| #define HAVE_NL_LANGINFO 1
| #define ICONV_CONST 
| /* end confdefs.h.  */
| 
| /* Override any GCC internal prototype to avoid an error.
|    Use char because int might match the return type of a GCC
|    builtin and then its argument prototype would still apply.
|    The 'extern "C"' is for builds by C++ compilers;
|    although this is not generally supported in C code supporting it here
|    has little cost and some practical benefit (sr 110532).  */
| #ifdef __cplusplus
| extern "C"
| #endif
| char cos (void);
| int
| main (void)
| {
| return cos ();
|   ;
|   return 0;
| }
configure:19321: result: no
configure:19386: checking for gtk-config
configure:19423: result: no
configure:19432: checking for GTK - version >= 1.2.0
configure:19555: result: no
configure:19621: checking use of ElectricFence malloc debugging
configure:19696: result: no
configure:19791: checking use of file io
configure:19820: result: lame
configure:19828: checking use of analyzer hooks
configure:19852: result: yes
configure:19858: checking for libmpg123 >= 1.26.0
configure:19865: $PKG_CONFIG --exists --print-errors "libmpg123 >= 1.26.0"
configure:19868: $? = 0
configure:19882: $PKG_CONFIG --exists --print-errors "libmpg123 >= 1.26.0"
configure:19885: $? = 0
configure:19923: result: yes
configure:19928: checking use of external mpg123 decoder
configure:19957: result: no
configure:19970: checking if the lame frontend should be build
configure:19987: result: no
configure:19993: checking if mp3x is requested
configure:20010: result: no
configure:20027: checking if mp3rtp is requested
configure:20047: result: no
configure:20052: checking for IPv6 support
configure:20087: gcc -o conftest    conftest.c  >&5
conftest.c:93:5: error: type specifier missing, defaults to 'int'; ISO C99 and later do not support implicit int [-Wimplicit-int]
    main()
    ^
    int
1 error generated.
configure:20087: $? = 1
configure: program exited with status 1
configure: failed program was:
| /* confdefs.h */
| #define PACKAGE_NAME "lame"
| #define PACKAGE_TARNAME "lame"
| #define PACKAGE_VERSION "4.0"
| #define PACKAGE_STRING "lame 4.0"
| #define PACKAGE_BUGREPORT "lame-dev@lists.sf.net"
| #define PACKAGE_URL ""
| #define HAVE_STDIO_H 1
| #define HAVE_STDLIB_H 1
| #define HAVE_STRING_H 1
| #define HAVE_INTTYPES_H 1
| #define HAVE_STDINT_H 1
| #define HAVE_STRINGS_H 1
| #define HAVE_SYS_STAT_H 1
| #define HAVE_SYS_TYPES_H 1
| #define HAVE_UNISTD_H 1
| #define HAVE_WCHAR_H 1
| #define HAVE_SYS_TIME_H 1
| #define STDC_HEADERS 1
| #define _ALL_SOURCE 1
| #define _COSMO_SOURCE 1
| #define _DARWIN_C_SOURCE 1
| #define _GNU_SOURCE 1
| #define _HPUX_ALT_XOPEN_SOCKET_API 1
| #define _NETBSD_SOURCE 1
| #define _OPENBSD_SOURCE 1
| #define _POSIX_PTHREAD_SEMANTICS 1
| #define __STDC_WANT_IEC_60559_ATTRIBS_EXT__ 1
| #define __STDC_WANT_IEC_60559_BFP_EXT__ 1
| #define __STDC_WANT_IEC_60559_DFP_EXT__ 1
| #define __STDC_WANT_IEC_60559_EXT__ 1
| #define __STDC_WANT_IEC_60559_FUNCS_EXT__ 1
| #define __STDC_WANT_IEC_60559_TYPES_EXT__ 1
| #define __STDC_WANT_LIB_EXT2__ 1
| #define __STDC_WANT_MATH_SPEC_FUNCS__ 1
| #define _TANDEM_SOURCE 1
| #define __EXTENSIONS__ 1
| #define PACKAGE "lame"
| #define VERSION "4.0"
| #define HAVE_DLFCN_H 1
| #define LT_OBJDIR ".libs/"
| #define HAVE_ERRNO_H 1
| #define HAVE_FCNTL_H 1
| #define HAVE_LIMITS_H 1
| #define HAVE_STDINT_H 1
| #define HAVE_STRING_H 1
| #define HAVE_SYS_TIME_H 1
| #define HAVE_UNISTD_H 1
| #define HAVE_XMMINTRIN_H 1
| #define SIZEOF_SHORT 2
| #define SIZEOF_UNSIGNED_SHORT 2
| #define SIZEOF_INT 4
| #define SIZEOF_UNSIGNED_INT 4
| #define SIZEOF_LONG 8
| #define SIZEOF_UNSIGNED_LONG 8
| #define SIZEOF_LONG_LONG 8
| #define SIZEOF_UNSIGNED_LONG_LONG 8
| #define SIZEOF_FLOAT 4
| #define SIZEOF_DOUBLE 8
| #define HAVE_LONG_DOUBLE_WIDER 1
| #define HAVE_LONG_DOUBLE 1
| #define SIZEOF_LONG_DOUBLE 16
| #define HAVE_UINT8_T 1
| #define HAVE_INT8_T 1
| #define HAVE_UINT16_T 1
| #define HAVE_INT16_T 1
| #define HAVE_UINT32_T 1
| #define HAVE_INT32_T 1
| #define HAVE_UINT64_T 1
| #define HAVE_INT64_T 1
| #define A_UINT32_T unsigned int
| #define A_INT32_T int
| #define A_UINT64_T unsigned long
| #define A_INT64_T long
| #define LAME_LIBRARY_BUILD 1
| #define TIME_WITH_SYS_TIME 1
| #define HAVE_ALLOCA_H 1
| #define HAVE_ALLOCA 1
| #define HAVE_GETTIMEOFDAY 1
| #define HAVE_STRTOL 1
| #define HAVE_SOCKET 1
| #define TAKEHIRO_IEEE754_HACK 0
| #define HAVE_TERMCAP_H 1
| #define HAVE_LANGINFO_H 1
| #define HAVE_NL_LANGINFO 1
| #define ICONV_CONST 
| /* end confdefs.h.  */
| 
|     #include <sys/types.h>
|     #include <sys/socket.h>
|     #include <netinet/in.h>
|     #include <stdlib.h>
|     main()
|     {
|         int fd;
|         struct sockaddr_in6 foo;
|         fd = socket(AF_INET6, SOCK_STREAM, 0);
|         exit(fd >= 0 ? 0 : 1);
|     }
configure:20102: result: no
configure:20113: checking if dynamic linking of the frontends is requested
configure:20126: result: no
configure:20230: checking for termcap
configure:20241: result: yes
configure:20301: checking if I have to build the internal vector lib
configure:20303: result: yes
configure:20309: checking for nasm
configure:20346: result: no
configure:20421: checking for additional optimizations
configure:20646: result: no
configure:20658: checking for debug options
configure:20708: result: no
configure:20980: checking that generated files are newer than configure
configure:20986: result: done
configure:21056: creating ./config.status

## ---------------------- ##
## Running config.status. ##
## ---------------------- ##

This file was extended by lame config.status 4.0, which was
generated by GNU Autoconf 2.73.  Invocation command line was

  CONFIG_FILES    = 
  CONFIG_HEADERS  = 
  CONFIG_LINKS    = 
  CONFIG_COMMANDS = 
  $ ./config.status 

on Tommys-iMac.local

config.status:1202: creating Makefile
config.status:1202: creating libmp3lame/Makefile
config.status:1202: creating libmp3lame/i386/Makefile
config.status:1202: creating libmp3lame/lame.pc
config.status:1202: creating libmp3lame/vector/Makefile
config.status:1202: creating frontend/Makefile
config.status:1202: creating mpglib/Makefile
config.status:1202: creating doc/Makefile
config.status:1202: creating doc/html/Makefile
config.status:1202: creating doc/man/Makefile
config.status:1202: creating include/Makefile
config.status:1202: creating Dll/Makefile
config.status:1202: creating misc/Makefile
config.status:1202: creating dshow/Makefile
config.status:1202: creating ACM/Makefile
config.status:1202: creating ACM/ADbg/Makefile
config.status:1202: creating ACM/ddk/Makefile
config.status:1202: creating ACM/tinyxml/Makefile
config.status:1202: creating lame.spec
config.status:1202: creating mac/Makefile
config.status:1202: creating vc_solution/Makefile
config.status:1202: creating config.h
config.status:1431: executing depfiles commands
config.status:1508: cd libmp3lame       && sed -e '/# am--include-marker/d' Makefile         | make -f - am--depfiles
config.status:1513: $? = 0
config.status:1508: cd libmp3lame/vector       && sed -e '/# am--include-marker/d' Makefile         | make -f - am--depfiles
config.status:1513: $? = 0
config.status:1508: cd frontend       && sed -e '/# am--include-marker/d' Makefile         | make -f - am--depfiles
config.status:1513: $? = 0
config.status:1508: cd misc       && sed -e '/# am--include-marker/d' Makefile         | make -f - am--depfiles
config.status:1513: $? = 0
config.status:1431: executing libtool commands

## ---------------- ##
## Cache variables. ##
## ---------------- ##

ac_cv_build=x86_64-apple-darwin23.6.0
ac_cv_c_bigendian=no
ac_cv_c_compiler_gnu=yes
ac_cv_c_const=yes
ac_cv_c_inline=inline
ac_cv_c_long_double=yes
ac_cv_env_CC_set=
ac_cv_env_CC_value=
ac_cv_env_CFLAGS_set=
ac_cv_env_CFLAGS_value=
ac_cv_env_CPPFLAGS_set=
ac_cv_env_CPPFLAGS_value=
ac_cv_env_CPP_set=
ac_cv_env_CPP_value=
ac_cv_env_LDFLAGS_set=
ac_cv_env_LDFLAGS_value=
ac_cv_env_LIBS_set=
ac_cv_env_LIBS_value=
ac_cv_env_LT_SYS_LIBRARY_PATH_set=
ac_cv_env_LT_SYS_LIBRARY_PATH_value=
ac_cv_env_PKG_CONFIG_LIBDIR_set=
ac_cv_env_PKG_CONFIG_LIBDIR_value=
ac_cv_env_PKG_CONFIG_PATH_set=
ac_cv_env_PKG_CONFIG_PATH_value=
ac_cv_env_PKG_CONFIG_set=
ac_cv_env_PKG_CONFIG_value=
ac_cv_env_SNDFILE_CFLAGS_set=
ac_cv_env_SNDFILE_CFLAGS_value=
ac_cv_env_SNDFILE_LIBS_set=
ac_cv_env_SNDFILE_LIBS_value=
ac_cv_env_build_alias_set=
ac_cv_env_build_alias_value=
ac_cv_env_host_alias_set=
ac_cv_env_host_alias_value=
ac_cv_env_mpg123_CFLAGS_set=
ac_cv_env_mpg123_CFLAGS_value=
ac_cv_env_mpg123_LIBS_set=
ac_cv_env_mpg123_LIBS_value=
ac_cv_env_target_alias_set=
ac_cv_env_target_alias_value=
ac_cv_func_alloca_works=yes
ac_cv_func_gettimeofday=yes
ac_cv_func_nl_langinfo=yes
ac_cv_func_socket=yes
ac_cv_func_strtol=yes
ac_cv_header_dlfcn_h=yes
ac_cv_header_dmalloc_h=no
ac_cv_header_errno_h=yes
ac_cv_header_fcntl_h=yes
ac_cv_header_inttypes_h=yes
ac_cv_header_langinfo_h=yes
ac_cv_header_limits_h=yes
ac_cv_header_linux_soundcard_h=no
ac_cv_header_minix_config_h=no
ac_cv_header_ncurses_termcap_h=no
ac_cv_header_stdint_h=yes
ac_cv_header_stdio_h=yes
ac_cv_header_stdlib_h=yes
ac_cv_header_string_h=yes
ac_cv_header_strings_h=yes
ac_cv_header_sys_soundcard_h=no
ac_cv_header_sys_stat_h=yes
ac_cv_header_sys_time_h=yes
ac_cv_header_sys_types_h=yes
ac_cv_header_termcap_h=yes
ac_cv_header_unistd_h=yes
ac_cv_header_wchar_h=yes
ac_cv_header_xmmintrin_h=yes
ac_cv_host=x86_64-apple-darwin23.6.0
ac_cv_ipv6=no
ac_cv_lib_cpml_cos=no
ac_cv_lib_curses_initscr=yes
ac_cv_lib_ffm_cos=no
ac_cv_lib_m_cos=yes
ac_cv_lib_ncurses_initscr=yes
ac_cv_lib_termcap_initscr=yes
ac_cv_objext=o
ac_cv_path_EGREP='/usr/bin/grep -E'
ac_cv_path_EGREP_TRADITIONAL='/usr/bin/grep -E'
ac_cv_path_FGREP='/usr/bin/grep -F'
ac_cv_path_GREP=/usr/bin/grep
ac_cv_path_GTK_CONFIG=no
ac_cv_path_NASM=no
ac_cv_path_SED=/usr/local/bin/gsed
ac_cv_path_ac_pt_PKG_CONFIG=/usr/local/bin/pkg-config
ac_cv_path_install='/usr/bin/install -c'
ac_cv_path_lt_DD=/bin/dd
ac_cv_prog_AWK=awk
ac_cv_prog_CPP='gcc -E'
ac_cv_prog_FILECMD=file
ac_cv_prog_ac_ct_AR=ar
ac_cv_prog_ac_ct_CC=gcc
ac_cv_prog_ac_ct_DSYMUTIL=dsymutil
ac_cv_prog_ac_ct_LIPO=lipo
ac_cv_prog_ac_ct_NMEDIT=nmedit
ac_cv_prog_ac_ct_OBJDUMP=objdump
ac_cv_prog_ac_ct_OTOOL=otool
ac_cv_prog_ac_ct_RANLIB=ranlib
ac_cv_prog_ac_ct_STRIP=strip
ac_cv_prog_cc_c11=
ac_cv_prog_cc_c23=no
ac_cv_prog_cc_g=yes
ac_cv_prog_cc_stdc=
ac_cv_prog_make_make_set=yes
ac_cv_safe_to_define___extensions__=yes
ac_cv_search_strerror='none required'
ac_cv_should_define__xopen_source=no
ac_cv_sizeof_double=8
ac_cv_sizeof_float=4
ac_cv_sizeof_int=4
ac_cv_sizeof_long=8
ac_cv_sizeof_long_double=16
ac_cv_sizeof_long_long=8
ac_cv_sizeof_short=2
ac_cv_sizeof_unsigned_int=4
ac_cv_sizeof_unsigned_long=8
ac_cv_sizeof_unsigned_long_long=8
ac_cv_sizeof_unsigned_short=2
ac_cv_sys_largefile_opts='none needed'
ac_cv_type_ieee754_float32_t=no
ac_cv_type_ieee754_float64_t=no
ac_cv_type_int16_t=yes
ac_cv_type_int32_t=yes
ac_cv_type_int64_t=yes
ac_cv_type_int8_t=yes
ac_cv_type_long_double_wider=yes
ac_cv_type_size_t=yes
ac_cv_type_uint16_t=yes
ac_cv_type_uint32_t=yes
ac_cv_type_uint64_t=yes
ac_cv_type_uint8_t=yes
ac_cv_working_alloca_h=yes
acl_cv_hardcode_direct=no
acl_cv_hardcode_libdir_flag_spec=
acl_cv_hardcode_libdir_separator=
acl_cv_hardcode_minus_L=no
acl_cv_libdirstems=lib,lib,lib
acl_cv_libext=a
acl_cv_libname_spec='lib$name'
acl_cv_library_names_spec='$libname$shrext'
acl_cv_prog_gnu_ld=no
acl_cv_rpath=done
acl_cv_shlibext=dylib
acl_cv_wl=-Wl,
alex_cv_ieee854_float80=no
am_cv_CC_dependencies_compiler_type=gcc3
am_cv_filesystem_timestamp_resolution=2
am_cv_func_iconv=yes
am_cv_func_iconv_summary='not working, consider installing GNU libiconv'
am_cv_func_iconv_works=no
am_cv_lib_iconv=no
am_cv_make_support_nested_variables=yes
am_cv_prog_cc_c_o=yes
am_cv_prog_tar_ustar=gnutar
am_cv_sleep_fractional_seconds=yes
am_cv_xargs_n_works=yes
gl_cv_elf=no
gl_cv_host_cpu_c_abi_32bit=no
gl_cv_iconv_nonconst=yes
lt_cv_apple_cc_single_mod=no
lt_cv_ar_at_file=no
lt_cv_deplibs_check_method=pass_all
lt_cv_file_magic_cmd='$MAGIC_CMD'
lt_cv_file_magic_test_file=
lt_cv_ld_exported_symbols_list=yes
lt_cv_ld_force_load=yes
lt_cv_ld_reload_flag=-r
lt_cv_nm_interface='BSD nm'
lt_cv_objdir=.libs
lt_cv_path_LD=/Applications/Xcode.app/Contents/Developer/Toolchains/XcodeDefault.xctoolchain/usr/bin/ld
lt_cv_path_NM='/usr/bin/nm -B'
lt_cv_path_manifest_tool=no
lt_cv_prog_compiler_c_o=yes
lt_cv_prog_compiler_pic='-fno-common -DPIC'
lt_cv_prog_compiler_pic_works=yes
lt_cv_prog_compiler_rtti_exceptions=yes
lt_cv_prog_compiler_static_works=no
lt_cv_prog_gnu_ld=no
lt_cv_sharedlib_from_linklib_cmd='printf %s\n'
lt_cv_support_no_fixup_chains=yes
lt_cv_sys_global_symbol_pipe='/usr/local/bin/gsed -n -e '\''s/^.*[	 ]\([ABCDGIRSTW][ABCDGIRSTW]*\)[	 ][	 ]*_\([_A-Za-z][_A-Za-z0-9]*\)$/\1 _\2 \2/p'\'' | /usr/local/bin/gsed '\''/ __gnu_lto/d'\'''
lt_cv_sys_global_symbol_to_c_name_address='/usr/local/bin/gsed -n -e '\''s/^: \(.*\) .*$/  {"\1", (void *) 0},/p'\'' -e '\''s/^[ABCDGIRSTW][ABCDGIRSTW]* .* \(.*\)$/  {"\1", (void *) \&\1},/p'\'''
lt_cv_sys_global_symbol_to_c_name_address_lib_prefix='/usr/local/bin/gsed -n -e '\''s/^: \(.*\) .*$/  {"\1", (void *) 0},/p'\'' -e '\''s/^[ABCDGIRSTW][ABCDGIRSTW]* .* \(lib.*\)$/  {"\1", (void *) \&\1},/p'\'' -e '\''s/^[ABCDGIRSTW][ABCDGIRSTW]* .* \(.*\)$/  {"lib\1", (void *) \&\1},/p'\'''
lt_cv_sys_global_symbol_to_cdecl='/usr/local/bin/gsed -n -e '\''s/^T .* \(.*\)$/extern int \1();/p'\'' -e '\''s/^[ABCDGIRSTW][ABCDGIRSTW]* .* \(.*\)$/extern char \1;/p'\'''
lt_cv_sys_global_symbol_to_import=
lt_cv_sys_max_cmd_len=786432
lt_cv_to_host_file_cmd=func_convert_file_noop
lt_cv_to_tool_file_cmd=func_convert_file_noop
lt_cv_truncate_bin='/bin/dd bs=4096 count=1'
pkg_cv_mpg123_CFLAGS=-I/usr/local/Cellar/mpg123/1.33.7/include
pkg_cv_mpg123_LIBS='-L/usr/local/Cellar/mpg123/1.33.7/lib -lmpg123'

## ----------------- ##
## Output variables. ##
## ----------------- ##

ACLOCAL='${SHELL} '\''/Users/rkt/projects/mp3encoder/ext/lame-4.0/missing'\'' aclocal-1.18'
ALLOCA=''
AMDEPBACKSLASH='\'
AMDEP_FALSE='#'
AMDEP_TRUE=''
AMTAR='$${TAR-tar}'
AM_BACKSLASH='\'
AM_DEFAULT_V='$(AM_DEFAULT_VERBOSITY)'
AM_DEFAULT_VERBOSITY='1'
AM_V='$(V)'
AR='ar'
AUTOCONF='${SHELL} '\''/Users/rkt/projects/mp3encoder/ext/lame-4.0/missing'\'' autoconf'
AUTOHEADER='${SHELL} '\''/Users/rkt/projects/mp3encoder/ext/lame-4.0/missing'\'' autoheader'
AUTOMAKE='${SHELL} '\''/Users/rkt/projects/mp3encoder/ext/lame-4.0/missing'\'' automake-1.18'
AWK='awk'
CC='gcc'
CCDEPMODE='depmode=gcc3'
CFLAGS='-O3 -Wall  -fno-common'
CONFIG_DEFS=''
CONFIG_MATH_LIB='-lm'
CPP='gcc -E'
CPPFLAGS=''
CPUCCODE=''
CPUTYPE='no'
CSCOPE='cscope'
CTAGS='ctags'
CYGPATH_W='echo'
DEFS='-DHAVE_CONFIG_H'
DEPDIR='.deps'
DLLTOOL='false'
DOT=''
DSYMUTIL='dsymutil'
DUMPBIN=''
ECHO_C='\c'
ECHO_N=''
ECHO_T=''
EGREP='/usr/bin/grep -E'
ETAGS='etags'
EXEEXT=''
FGREP='/usr/bin/grep -F'
FILECMD='file'
FRONTEND_CFLAGS=' '
FRONTEND_LDADD='-lncurses   -lm'
FRONTEND_LDFLAGS=' -static'
GREP='/usr/bin/grep'
GTK_CFLAGS=''
GTK_CONFIG='no'
GTK_LIBS=''
HAVE_NASM_FALSE=''
HAVE_NASM_TRUE='#'
INCLUDES='-I$(top_srcdir)/include -I$(srcdir)'
INSTALL_DATA='${INSTALL} -m 644'
INSTALL_PROGRAM='${INSTALL}'
INSTALL_SCRIPT='${INSTALL}'
INSTALL_STRIP_PROGRAM='$(install_sh) -c -s'
LD='/Applications/Xcode.app/Contents/Developer/Toolchains/XcodeDefault.xctoolchain/usr/bin/ld'
LDADD=''
LDFLAGS=''
LIBICONV=''
LIBMP3LAME_LDADD=''
LIBOBJS=''
LIBS=''
LIBTOOL='$(SHELL) $(top_builddir)/libtool'
LIBTOOL_DEPS='.//ltmain.sh'
LIB_MAJOR_VERSION='0'
LIB_MINOR_VERSION='0'
LIB_WITH_DECODER_FALSE=''
LIB_WITH_DECODER_TRUE='#'
LIPO='lipo'
LN_S='ln -s'
LTLIBICONV=''
LTLIBOBJS=''
LT_SYS_LIBRARY_PATH=''
MAINT='#'
MAINTAINER_MODE_FALSE=''
MAINTAINER_MODE_TRUE='#'
MAKEDEP='-make'
MAKEINFO='${SHELL} '\''/Users/rkt/projects/mp3encoder/ext/lame-4.0/missing'\'' makeinfo'
MANIFEST_TOOL=':'
MKDIR_P='mkdir -p'
NASM='no'
NASM_FORMAT='-f macho'
NM='/usr/bin/nm -B'
NMEDIT='nmedit'
OBJDUMP='objdump'
OBJEXT='o'
OTOOL64=':'
OTOOL='otool'
PACKAGE='lame'
PACKAGE_BUGREPORT='lame-dev@lists.sf.net'
PACKAGE_NAME='lame'
PACKAGE_STRING='lame 4.0'
PACKAGE_TARNAME='lame'
PACKAGE_URL=''
PACKAGE_VERSION='4.0'
PATH_SEPARATOR=':'
PKG_CONFIG='/usr/local/bin/pkg-config'
PKG_CONFIG_LIBDIR=''
PKG_CONFIG_PATH=''
RANLIB='ranlib'
RM_F='rm -f'
SED='/usr/local/bin/gsed'
SET_MAKE=''
SHELL='/bin/sh'
SNDFILE_CFLAGS=''
SNDFILE_LIBS=''
STRIP='strip'
VERSION='4.0'
WITH_FRONTEND=''
WITH_MP3RTP=''
WITH_MP3X=''
WITH_VECTOR_FALSE='#'
WITH_VECTOR_TRUE=''
WITH_XMM_FALSE='#'
WITH_XMM_TRUE=''
ac_ct_AR='ar'
ac_ct_CC='gcc'
ac_ct_DUMPBIN=''
am__EXEEXT_FALSE=''
am__EXEEXT_TRUE='#'
am__fastdepCC_FALSE='#'
am__fastdepCC_TRUE=''
am__include='include'
am__isrc=''
am__leading_dot='.'
am__nodep='_no'
am__quote=''
am__rm_f_notfound=''
am__tar='tar --format=ustar -chf - "$$tardir"'
am__untar='tar -xf -'
am__xargs_n='xargs -n'
bindir='${exec_prefix}/bin'
build='x86_64-apple-darwin23.6.0'
build_alias=''
build_cpu='x86_64'
build_os='darwin23.6.0'
build_vendor='apple'
datadir='${datarootdir}'
datarootdir='${prefix}/share'
docdir='${datarootdir}/doc/${PACKAGE_TARNAME}'
dvidir='${docdir}'
exec_prefix='${prefix}'
host='x86_64-apple-darwin23.6.0'
host_alias=''
host_cpu='x86_64'
host_os='darwin23.6.0'
host_vendor='apple'
htmldir='${docdir}'
includedir='${prefix}/include'
infodir='${datarootdir}/info'
install_sh='${SHELL} /Users/rkt/projects/mp3encoder/ext/lame-4.0/install-sh'
libdir='${exec_prefix}/lib'
libexecdir='${exec_prefix}/libexec'
localedir='${datarootdir}/locale'
localstatedir='${prefix}/var'
mandir='${datarootdir}/man'
mkdir_p='$(MKDIR_P)'
mpg123_CFLAGS='-I/usr/local/Cellar/mpg123/1.33.7/include'
mpg123_LIBS='-L/usr/local/Cellar/mpg123/1.33.7/lib -lmpg123'
oldincludedir='/usr/include'
pdfdir='${docdir}'
prefix='/usr/local'
program_transform_name='s,x,x,'
psdir='${docdir}'
runstatedir='${localstatedir}/run'
sbindir='${exec_prefix}/sbin'
sharedstatedir='${prefix}/com'
sysconfdir='${prefix}/etc'
target_alias=''

## ----------- ##
## confdefs.h. ##
## ----------- ##

/* confdefs.h */
#define PACKAGE_NAME "lame"
#define PACKAGE_TARNAME "lame"
#define PACKAGE_VERSION "4.0"
#define PACKAGE_STRING "lame 4.0"
#define PACKAGE_BUGREPORT "lame-dev@lists.sf.net"
#define PACKAGE_URL ""
#define HAVE_STDIO_H 1
#define HAVE_STDLIB_H 1
#define HAVE_STRING_H 1
#define HAVE_INTTYPES_H 1
#define HAVE_STDINT_H 1
#define HAVE_STRINGS_H 1
#define HAVE_SYS_STAT_H 1
#define HAVE_SYS_TYPES_H 1
#define HAVE_UNISTD_H 1
#define HAVE_WCHAR_H 1
#define HAVE_SYS_TIME_H 1
#define STDC_HEADERS 1
#define _ALL_SOURCE 1
#define _COSMO_SOURCE 1
#define _DARWIN_C_SOURCE 1
#define _GNU_SOURCE 1
#define _HPUX_ALT_XOPEN_SOCKET_API 1
#define _NETBSD_SOURCE 1
#define _OPENBSD_SOURCE 1
#define _POSIX_PTHREAD_SEMANTICS 1
#define __STDC_WANT_IEC_60559_ATTRIBS_EXT__ 1
#define __STDC_WANT_IEC_60559_BFP_EXT__ 1
#define __STDC_WANT_IEC_60559_DFP_EXT__ 1
#define __STDC_WANT_IEC_60559_EXT__ 1
#define __STDC_WANT_IEC_60559_FUNCS_EXT__ 1
#define __STDC_WANT_IEC_60559_TYPES_EXT__ 1
#define __STDC_WANT_LIB_EXT2__ 1
#define __STDC_WANT_MATH_SPEC_FUNCS__ 1
#define _TANDEM_SOURCE 1
#define __EXTENSIONS__ 1
#define PACKAGE "lame"
#define VERSION "4.0"
#define HAVE_DLFCN_H 1
#define LT_OBJDIR ".libs/"
#define HAVE_ERRNO_H 1
#define HAVE_FCNTL_H 1
#define HAVE_LIMITS_H 1
#define HAVE_STDINT_H 1
#define HAVE_STRING_H 1
#define HAVE_SYS_TIME_H 1
#define HAVE_UNISTD_H 1
#define HAVE_XMMINTRIN_H 1
#define SIZEOF_SHORT 2
#define SIZEOF_UNSIGNED_SHORT 2
#define SIZEOF_INT 4
#define SIZEOF_UNSIGNED_INT 4
#define SIZEOF_LONG 8
#define SIZEOF_UNSIGNED_LONG 8
#define SIZEOF_LONG_LONG 8
#define SIZEOF_UNSIGNED_LONG_LONG 8
#define SIZEOF_FLOAT 4
#define SIZEOF_DOUBLE 8
#define HAVE_LONG_DOUBLE_WIDER 1
#define HAVE_LONG_DOUBLE 1
#define SIZEOF_LONG_DOUBLE 16
#define HAVE_UINT8_T 1
#define HAVE_INT8_T 1
#define HAVE_UINT16_T 1
#define HAVE_INT16_T 1
#define HAVE_UINT32_T 1
#define HAVE_INT32_T 1
#define HAVE_UINT64_T 1
#define HAVE_INT64_T 1
#define A_UINT32_T unsigned int
#define A_INT32_T int
#define A_UINT64_T unsigned long
#define A_INT64_T long
#define LAME_LIBRARY_BUILD 1
#define TIME_WITH_SYS_TIME 1
#define HAVE_ALLOCA_H 1
#define HAVE_ALLOCA 1
#define HAVE_GETTIMEOFDAY 1
#define HAVE_STRTOL 1
#define HAVE_SOCKET 1
#define TAKEHIRO_IEEE754_HACK 0
#define HAVE_TERMCAP_H 1
#define HAVE_LANGINFO_H 1
#define HAVE_NL_LANGINFO 1
#define ICONV_CONST 
#define HAVE_TERMCAP 1
#define USE_FAST_LOG 1

configure: exit 
